{
  "publishDate": "2024-12-30",
  "marketNews": [
    {
      "title": "Snips Recap 2024: Another Year of Conglomerates",
      "content": "The Indonesian capital market in 2024 was again dominated by corporate actions from several conglomerates, followed by fantastic stock price increases from issuers affiliated with these conglomerates. This trend was seen in several conglomerates, such as Sugianto Kusuma (Aguan), Agoes Projosasmito, Prajogo Pangestu (Barito Group and Petrindo), Thohir Group, Lippo Group, and MNC Group. The following is a breakdown of corporate actions along with stock returns during 2024 owned by some of these conglomerates:\n\nSugianto Kusuma (Aguan)\n\n- Pantai Indah Kapuk Dua ($PANI): +227%\n  - August: held a private placement of IDR 6.5 Trillion to acquire 239 hectares of land from an affiliated party.\n  - December: announced the IPO of its subsidiary ($CBDK) targeting fund acquisition of approximately IDR 1.7-2.3 Trillion.\n- Stock returns affiliated with Sugianto Kusuma (Aguan) conglomerate: $INPC +193%, $JIHD +214%.\n\nAgoes Projosasmito\n\n- Amman Mineral Internasional ($AMMN): +29%\n  - September: inaugurated a smelter worth IDR 21 Trillion with an input capacity of 900,000 tons of concentrate per year in West Nusa Tenggara.\n- Bumi Resources Minerals ($BRMS): +104%\n  - December: announced higher-grade gold reserves in the River Reef and Hill Reel mines in Palu.\n- Bumi Resources ($BUMI): +39%\n  - April: planned to seek approval for a quasi reorganization to eliminate the US$2.35 billion retained earnings deficit as of 2023. However, this plan was later removed from the agenda of the GMS-EGM in June 2024.\n\nPrajogo Pangestu (PP)\n\n- Petrosea ($PTRO): +426%\n  - June: $CUAN through its subsidiary, PT Kreasi Jasa Persada, increased its ownership by 7.5% of $PTRO shares worth ~IDR 207.9 Billion from PT Caraka Reksa Optima.\n  - December: approved a stock split plan with a 1:10 ratio, with the trading schedule for shares with new nominal values in the regular and negotiation markets on January 3, 2025.\n- Barito Renewables Energy ($BREN): +24%\n  - May: IDX set BREN stock trading to be conducted by full periodic call auction (FCA).\n  - September: entered the FTSE Global Equity Series - Large Cap index, but was later removed due to concentrated share ownership, with 4 shareholders controlling 97% of the company's shares.\n- Chandra Asri Pacific ($TPIA): +43%\n  - May: announced that its joint venture with Glencore plc signed an agreement to acquire all shares of Shell Energy and Chemicals Park Singapore (SECP) from Shell Singapore Pte. Ltd..\n  - May: entered the MSCI Global Standard Indexes.\n  - August: $TPIA Director, Suryandi, stated that the company is opening opportunities to take its infrastructure subsidiary, PT Chandra Daya Investasi, public.\n- Stock returns affiliated with Prajogo Pangestu conglomerate: CUAN -17%, $BRPT -31%.\n\nLippo Group\n\n- September: $LPKR through its subsidiary, PT Megapratama Karya Persada, sold ~18.6% of $SILO shares to Sight Investment Company Pte. Ltd. worth ~IDR 6.9 Trillion.\n- Stock returns affiliated with Lippo Group: $MLPT +1,078%, $MLPL +30%, and LPKR +5%.\n\nGrup MNC\n\n- September: became an investor in the private placement of $RAAM by taking 619.4 million (10%) shares worth ~IDR 310 Billion.\n- October: $MSIN conducted a stock split with a 1:5 ratio.\n- December: $KPIG reached an agreement to divest the MNC Bali Resort land asset in Bali to PT Bumi Indah Prima for IDR 5.5 Trillion.\n- Stock returns affiliated with MNC Group: KPIG +140%, MSIN +40%.\n\nGrup Sinar Mas\n\n- July: $DSSA conducted a stock split with a 1:10 ratio.\n- Stock returns affiliated with Sinarmas Group: DSSA +363%, $GEMS +83%.\n\nGrup Thohir\n\n- September: $ADRO announced it would spin-off its thermal coal business under $AADI through a public offering scheme by shareholders (PUPS). Along with this PUPS, $AADI also conducted an IPO in December 2024.\n- Stock returns affiliated with Thohir Group: ADRO +2.1%, AADI +44%, $ADMR -12%, $TRIM +26%, and $ESSA +53%.",
      "urls": [
        "https://stockbit.com/post/15819527"
      ],
      "primaryTickers": [],
      "mentionedTickers": [
        "PANI",
        "CBDK",
        "INPC",
        "JIHD",
        "AMMN",
        "BRMS",
        "BUMI",
        "PTRO",
        "CUAN",
        "BREN",
        "TPIA",
        "BRPT",
        "LPKR",
        "SILO",
        "MLPT",
        "MLPL",
        "MSIN",
        "KPIG",
        "DSSA",
        "GEMS",
        "ADRO",
        "AADI",
        "ADMR",
        "TRIM",
        "ESSA",
        "RAAM"
      ]
    },
    {
      "title": "Corporate Actions Throughout 2024",
      "content": "1Q24\n\n- January\n  - $RAJA: through its subsidiary acquired an 8% participating interest in the Jabung block from PT GPI Jabung.\n  - $KARW: PT Saranakelola Investa bought 80.19% of $KARW shares from ICTSI Far East Limited Pte. Ltd. worth ~IDR 31 Billion. $KARW changed its name to Meratus Jasa Prima in May 2024.\n\n- February\n  - $INCO: the mining State-Owned Enterprise holding, MIND ID, acquired 14% of $INCO shares at a price of IDR 3,050/share.\n  - $WIKA: reached a master restructuring agreement worth IDR 24.79 Trillion.\n  - $GGRM: through its subsidiary obtained a concession period for the Kediri-Tulungagung toll road for 50 years, targeted to start operating in 3Q25.\n- March\n  - $UNTR: through its subsidiary plans to acquire the geothermal company PT Supreme Energy Rantau Dedap for US$80.69 million.\n  - $FORU: IMR Asia Holding acquired 77.7% of $FORU shares worth IDR 45.29 Billion.\n  - Minister of State-Owned Enterprises, Erick Thohir, announced a consolidation plan for State-Owned Construction Companies from 7 companies to 3 companies, with the entities surviving after the merger being $ADHI, $PTPP, and PT Hutama Karya. This corporate action has not materialized despite initially being planned for completion in October 2024.\n  - $EMTK: through its subsidiary plans to acquire 41.15% of $CASS shares worth IDR 704.1 Billion. This corporate action was completed in April 2024.\n\n2Q24\n\n- April\n  - $HRUM: through its subsidiary acquired 51% of Blue Sparkling Energy shares - an HPAL smelter developer that will operate in 2026 - for ~US$206.2 million. $HRUM also signed a memorandum of understanding for strategic cooperation with Eternal Tsingshan Group Ltd..\n  - $SSIA: BYD announced the purchase of 108 hectares of land in the Subang Smartpolitan industrial estate owned by $SSIA. Previously, BYD launched products in Indonesia in early 2024.\n- May\n  - Starlink obtained an operating permit in Indonesia to become an internet service provider for retail consumers.\n- June\n  - $PYFA: through its subsidiary, acquired all shares of Probiotec Limited for ~AU$251 million, with part of the financing using proceeds from a rights issue of ~IDR 1 Trillion in April 2024 and the remainder from bank debt.\n\n3Q24\n\n- July\n  - $TOWR: through its subsidiary acquired 90.11% of [$IBST]() worth IDR 3.42 Trillion.\n  - $JSMR: divested 35% of PT Jasamarga Transjawa Tol shares worth US$960.3 million to a consortium of Metro Pacific Tollways Corp and GIC Pte. Ltd..\n  - $DOID: through its business entity acquired the anthracite mine, Atlantic Carbon Group, for US$122.4 million.\n  - $TPMA: acquired 65% of PT Bahtera Energi Samudra Tuah shares from an affiliated party for US$32.5 million, which is part of the IDR 406.5 Billion rights issue in July 2024.\n  - VinFast started the groundbreaking of a factory worth US$200 million in Subang, targeted to operate in 4Q25.\n  - $TOTL: Shimizu Corporation held a voluntary tender offer for 19.9% of $TOTL shares, but there is no further update regarding this corporate action.\n  - $BKSL: Genting Plantations Bhd. plans to purchase 152 hectares of land from $BKSL and third parties for ~IDR 2 Trillion.\n- August\n  - $BSDE: plans to acquire 91.99% of [$SMDM]() shares for ~IDR 2.4 Trillion, with the transaction completed in October 2024.\n  - $DOID: through its subsidiary acquired 5.07% of 29Metals Ltd. shares for ~AU$12.5 million.\n  - $FILM: plans to acquire 80.05% of [$NETV]() shares for ~IDR 1.7 Trillion, with the transaction completed in October 2024.\n  - $BNBR: completed the quasi reorganization process to eliminate the IDR 19.5 Trillion equity deficit.\n  - $ACES: did not extend the license agreement with Ace Hardware Corporation, which expires on December 31, 2024.\n  - $LABA: is exploring cooperation with electric motorcycle producer ECGO and plans to invest in land and buildings covering ±40 hectares.\n- September\n  - $TPMA: established a joint venture named PT Trans Ocean Permata which will acquire 20 sets of tugboats and barges and 2 floating crane units with a capex of US$90 million.\n  - $HRUM: shareholders approved the buyback of 849 million (6.4%) shares with a maximum fund of IDR 1 Trillion until September 17, 2025.\n\n4Q24\n\n- October\n  - $LEAD: held a private placement for debt conversion of US$20 million.\n  - $ENRG: through its subsidiary signed an agreement to acquire 51% participating rights in the Sengkang Block, South Sulawesi.\n  - $ANTM: through its subsidiary acquired 30% of Tsingshan Group's business entity shares - PT Jiu Long Metal Industry - for US$102.5 million.\n  - $PNBN: Reuters reported that the Gunawan family and ANZ Group Holdings Ltd. are considering plans to divest $PNBN. The controlling Gunawan family owns 46.52% of $PNBN shares, while ANZ owns 39.22%.\n- November\n  - $TOBA: acquired 100% of the shares of waste management company Sembcorp Environment Pte. Ltd. for S$405 million.\n  - $DOID: through its business entity signed an agreement to acquire 51% of the shares of the metallurgical coal mine Dawson Complex for US$455 million.\n  - $ABMM: through its subsidiary signed an agreement to acquire 99.9% of shares in 2 subsidiaries of $CTBN.\n  - $PACK: plans to change its name to Abadi Nusantara Hijau Investama and change its business activities to nickel trading holding company activities. $PACK estimates that this business activity change will increase net profit to IDR 346 Billion in 2025.\n- December\n  - $UNVR: signed an agreement to divest its ice cream business for IDR 7 Trillion.\n  - $EXCL: announced a definitive agreement to merge with $FREN, where the name $EXCL will become XLSmart Telecom Sejahtera.\n  - []()[]()$RAJA: subsidiary, Raharja Energi Cepu ($RATU), plans an IPO of 20% shares at a price of IDR 900-1,150/share.\n  - $NCKL: acquired 10% of PT Obi Nickel Cobalt shares from an affiliated party for ~IDR 2.1 Trillion.\n  - $KARW: the controller sold ~5.4 million $KARW shares at an average price of IDR 6,376/share to expand the retail investor ownership base.\n  - $TPMA: together with $KKGI established a joint venture named PT Trans Bahtera Pioneer.\n  - $MDIY: operator MR.D.I.Y, Daya Intiguna Yasa, held an IPO of 10% shares at a price of IDR 1,650/share.\n\n*Although stock transactions are subject to the PPN increase to 12% starting January 2025, Stockbit customers need not worry because the transaction fees for buying and selling on Stockbit remain the same, which is 0.15% for buying and 0.25% for selling.",
      "urls": [],
      "primaryTickers": [],
      "mentionedTickers": [
        "RAJA",
        "KARW",
        "INCO",
        "WIKA",
        "GGRM",
        "UNTR",
        "FORU",
        "ADHI",
        "PTPP",
        "EMTK",
        "CASS",
        "HRUM",
        "SSIA",
        "PYFA",
        "TOWR",
        "IBST",
        "JSMR",
        "DOID",
        "TPMA",
        "TOTL",
        "BKSL",
        "BSDE",
        "SMDM",
        "FILM",
        "NETV",
        "BNBR",
        "ACES",
        "LABA",
        "LEAD",
        "ENRG",
        "ANTM",
        "PNBN",
        "TOBA",
        "ABMM",
        "CTBN",
        "PACK",
        "UNVR",
        "EXCL",
        "FREN",
        "RATU",
        "NCKL",
        "MDIY",
        "KKGI"
      ]
    }
  ],
  "tickerNews": [
    {
      "title": "Sugianto Kusuma (Aguan) Affiliate PANI Rallies 227% Amid Corporate Actions",
      "content": "Pantai Indah Kapuk Dua ($PANI): +227%\n  - August: held a private placement of IDR 6.5 Trillion to acquire 239 hectares of land from an affiliated party.\n  - December: announced the IPO of its subsidiary ($CBDK) targeting fund acquisition of approximately IDR 1.7-2.3 Trillion.\nStock returns affiliated with Sugianto Kusuma (Aguan) conglomerate: $INPC +193%, $JIHD +214%.",
      "urls": [],
      "primaryTickers": [
        "PANI"
      ],
      "mentionedTickers": [
        "CBDK",
        "INPC",
        "JIHD"
      ]
    },
    {
      "title": "Agoes Projosasmito Affiliate AMMN Inaugurates Smelter Worth IDR 21 Trillion",
      "content": "Amman Mineral Internasional ($AMMN): +29%\n  - September: inaugurated a smelter worth IDR 21 Trillion with an input capacity of 900,000 tons of concentrate per year in West Nusa Tenggara.",
      "urls": [],
      "primaryTickers": [
        "AMMN"
      ],
      "mentionedTickers": []
    },
    {
      "title": "Agoes Projosasmito Affiliate BRMS Announces Higher Grade Gold Reserves",
      "content": "Bumi Resources Minerals ($BRMS): +104%\n  - December: announced higher-grade gold reserves in the River Reef and Hill Reel mines in Palu.",
      "urls": [],
      "primaryTickers": [
        "BRMS"
      ],
      "mentionedTickers": []
    },
    {
      "title": "Agoes Projosasmito Affiliate BUMI Plans Quasi Reorganization to Eliminate Deficit",
      "content": "Bumi Resources ($BUMI): +39%\n  - April: planned to seek approval for a quasi reorganization to eliminate the US$2.35 billion retained earnings deficit as of 2023. However, this plan was later removed from the agenda of the GMS-EGM in June 2024.",
      "urls": [],
      "primaryTickers": [
        "BUMI"
      ],
      "mentionedTickers": []
    },
    {
      "title": "Prajogo Pangestu Affiliate PTRO to Conduct 1:10 Stock Split and CUAN Increases Stake",
      "content": "Petrosea ($PTRO): +426%\n  - June: $CUAN through its subsidiary, PT Kreasi Jasa Persada, increased its ownership by 7.5% of $PTRO shares worth ~IDR 207.9 Billion from PT Caraka Reksa Optima.\n  - December: approved a stock split plan with a 1:10 ratio, with the trading schedule for shares with new nominal values in the regular and negotiation markets on January 3, 2025.",
      "urls": [],
      "primaryTickers": [
        "PTRO"
      ],
      "mentionedTickers": [
        "CUAN"
      ]
    },
    {
      "title": "Prajogo Pangestu Affiliate BREN Enters/Exits FTSE Index Due to Share Concentration",
      "content": "Barito Renewables Energy ($BREN): +24%\n  - May: IDX set BREN stock trading to be conducted by full periodic call auction (FCA).\n  - September: entered the FTSE Global Equity Series - Large Cap index, but was later removed due to concentrated share ownership, with 4 shareholders controlling 97% of the company's shares.",
      "urls": [],
      "primaryTickers": [
        "BREN"
      ],
      "mentionedTickers": []
    },
    {
      "title": "Prajogo Pangestu Affiliate TPIA Acquires Shell's Singapore Assets and Eyes Subsidiary IPO",
      "content": "Chandra Asri Pacific ($TPIA): +43%\n  - May: announced that its joint venture with Glencore plc signed an agreement to acquire all shares of Shell Energy and Chemicals Park Singapore (SECP) from Shell Singapore Pte. Ltd..\n  - May: entered the MSCI Global Standard Indexes.\n  - August: $TPIA Director, Suryandi, stated that the company is opening opportunities to take its infrastructure subsidiary, PT Chandra Daya Investasi, public.",
      "urls": [],
      "primaryTickers": [
        "TPIA"
      ],
      "mentionedTickers": []
    },
    {
      "title": "Lippo Group Affiliate LPKR Divests Stake in SILO",
      "content": "September: $LPKR through its subsidiary, PT Megapratama Karya Persada, sold ~18.6% of $SILO shares to Sight Investment Company Pte. Ltd. worth ~IDR 6.9 Trillion.\nStock returns affiliated with Lippo Group: $MLPT +1,078%, $MLPL +30%, and LPKR +5%.",
      "urls": [],
      "primaryTickers": [
        "LPKR"
      ],
      "mentionedTickers": [
        "SILO",
        "MLPT",
        "MLPL"
      ]
    },
    {
      "title": "MNC Group Invests in RAAM Private Placement, MSIN Stock Splits, KPIG Divests Land",
      "content": "September: became an investor in the private placement of $RAAM by taking 619.4 million (10%) shares worth ~IDR 310 Billion.\nOctober: $MSIN conducted a stock split with a 1:5 ratio.\nDecember: $KPIG reached an agreement to divest the MNC Bali Resort land asset in Bali to PT Bumi Indah Prima for IDR 5.5 Trillion.\nStock returns affiliated with MNC Group: KPIG +140%, MSIN +40%.",
      "urls": [],
      "primaryTickers": [
        "MSIN",
        "KPIG"
      ],
      "mentionedTickers": [
        "RAAM"
      ]
    },
    {
      "title": "Sinar Mas Affiliate DSSA Conducts 1:10 Stock Split",
      "content": "July: $DSSA conducted a stock split with a 1:10 ratio.\nStock returns affiliated with Sinarmas Group: DSSA +363%, $GEMS +83%.",
      "urls": [],
      "primaryTickers": [
        "DSSA"
      ],
      "mentionedTickers": [
        "GEMS"
      ]
    },
    {
      "title": "Thohir Group Affiliates ADRO, AADI, ADMR, TRIM, ESSA Show Mixed Returns; ADRO to Spin Off Coal Business",
      "content": "September: $ADRO announced it would spin-off its thermal coal business under $AADI through a public offering scheme by shareholders (PUPS). Along with this PUPS, $AADI also conducted an IPO in December 2024.\nStock returns affiliated with Thohir Group: ADRO +2.1%, AADI +44%, $ADMR -12%, $TRIM +26%, and $ESSA +53%.",
      "urls": [
        "https://e-ipo.co.id/id/pipeline/get-propectus-file?id=319&type=summary"
      ],
      "primaryTickers": [
        "ADRO",
        "AADI"
      ],
      "mentionedTickers": [
        "ADMR",
        "TRIM",
        "ESSA"
      ]
    },
    {
      "title": "RAJA Affiliate KARW Controllers Sell Shares to Expand Retail Base",
      "content": "December: The controller of $KARW sold ~5.4 million $KARW shares at an average price of IDR 6,376/share to expand the retail investor ownership base.",
      "urls": [],
      "primaryTickers": [
        "KARW"
      ],
      "mentionedTickers": []
    },
    {
      "title": "MDIY Operator Daya Intiguna Yasa Holds IPO",
      "content": "December: $MDIY: operator MR.D.I.Y, Daya Intiguna Yasa, held an IPO of 10% shares at a price of IDR 1,650/share.",
      "urls": [],
      "primaryTickers": [
        "MDIY"
      ],
      "mentionedTickers": []
    },
    {
      "title": "RAJA Affiliate RATU Plans IPO of 20% Shares",
      "content": "December: []()[]()$RAJA: subsidiary, Raharja Energi Cepu ($RATU), plans an IPO of 20% shares at a price of IDR 900-1,150/share.",
      "urls": [],
      "primaryTickers": [
        "RAJA"
      ],
      "mentionedTickers": [
        "RATU"
      ]
    },
    {
      "title": "EXCL Announces Definitive Merger Agreement with FREN, EXCL to be renamed XLSmart Telecom Sejahtera",
      "content": "December: $EXCL: announced a definitive agreement to merge with $FREN, where the name $EXCL will become XLSmart Telecom Sejahtera.",
      "urls": [],
      "primaryTickers": [
        "EXCL"
      ],
      "mentionedTickers": [
        "FREN"
      ]
    },
    {
      "title": "TOBA Acquires Waste Management Company for S$405 Million",
      "content": "November: $TOBA: acquired 100% of the shares of waste management company Sembcorp Environment Pte. Ltd. for S$405 million.",
      "urls": [],
      "primaryTickers": [
        "TOBA"
      ],
      "mentionedTickers": []
    },
    {
      "title": "DOID Acquires Metallurgical Coal Mine for US$455 Million in November",
      "content": "November: $DOID: through its business entity signed an agreement to acquire 51% of Metallurgical coal mine Dawson Complex shares for US$455 million.",
      "urls": [],
      "primaryTickers": [
        "DOID"
      ],
      "mentionedTickers": []
    },
    {
      "title": "ABMM Acquires 99.9% Shares in 2 CTBN Subsidiaries",
      "content": "November: $ABMM: through its subsidiary signed an agreement to acquire 99.9% of shares in 2 subsidiaries of $CTBN.",
      "urls": [],
      "primaryTickers": [
        "ABMM"
      ],
      "mentionedTickers": [
        "CTBN"
      ]
    },
    {
      "title": "PACK Plans Name Change to Holding Company, Expects Net Profit of IDR 346 Billion in 2025",
      "content": "November: $PACK: plans to change its name to Abadi Nusantara Hijau Investama and change its business activities to nickel trading holding company activities. $PACK estimates that this business activity change will increase net profit to IDR 346 Billion in 2025.",
      "urls": [],
      "primaryTickers": [
        "PACK"
      ],
      "mentionedTickers": []
    },
    {
      "title": "UNVR Signs Divestment Agreement for Ice Cream Business Worth IDR 7 Trillion",
      "content": "December: $UNVR: signed an agreement to divest its ice cream business for IDR 7 Trillion.",
      "urls": [],
      "primaryTickers": [
        "UNVR"
      ],
      "mentionedTickers": []
    },
    {
      "title": "NCKL Acquires 10% Share in PT Obi Nickel Cobalt from Affiliates",
      "content": "December: $NCKL: acquired 10% of PT Obi Nickel Cobalt shares from an affiliated party for ~IDR 2.1 Trillion.",
      "urls": [],
      "primaryTickers": [
        "NCKL"
      ],
      "mentionedTickers": []
    },
    {
      "title": "TPMA and KKGI Establish Joint Venture PT Trans Bahtera Pioneer",
      "content": "December: $TPMA: together with $KKGI established a joint venture named PT Trans Bahtera Pioneer.",
      "urls": [],
      "primaryTickers": [
        "TPMA"
      ],
      "mentionedTickers": [
        "KKGI"
      ]
    },
    {
      "title": "HRUM Shareholders Approve Buyback of 6.4% Shares",
      "content": "September: $HRUM: shareholders approved the buyback of 849 million (6.4%) shares with a maximum fund of IDR 1 Trillion until September 17, 2025.",
      "urls": [],
      "primaryTickers": [
        "HRUM"
      ],
      "mentionedTickers": []
    },
    {
      "title": "TPMA Establishes JV for Acquisition of Tugs and Barges with US$90 Million Capex",
      "content": "September: $TPMA: established a joint venture named PT Trans Ocean Permata which will acquire 20 sets of tugboats and barges and 2 floating crane units with a capex of US$90 million.",
      "urls": [],
      "primaryTickers": [
        "TPMA"
      ],
      "mentionedTickers": []
    },
    {
      "title": "BSDE Plans Acquisition of 91.99% SMDM Shares Completed in October",
      "content": "August: $BSDE: plans to acquire 91.99% of [$SMDM]() shares for ~IDR 2.4 Trillion, with the transaction completed in October 2024.",
      "urls": [],
      "primaryTickers": [
        "BSDE"
      ],
      "mentionedTickers": [
        "SMDM"
      ]
    },
    {
      "title": "DOID Acquires 5.07% Stake in 29Metals Ltd.",
      "content": "August: $DOID: through its subsidiary acquired 5.07% of 29Metals Ltd. shares for ~AU$12.5 million.",
      "urls": [],
      "primaryTickers": [
        "DOID"
      ],
      "mentionedTickers": []
    },
    {
      "title": "FILM Plans Acquisition of 80.05% NETV Shares, Completed in October",
      "content": "August: $FILM: plans to acquire 80.05% of [$NETV]() shares for ~IDR 1.7 Trillion, with the transaction completed in October 2024.",
      "urls": [],
      "primaryTickers": [
        "FILM"
      ],
      "mentionedTickers": [
        "NETV"
      ]
    },
    {
      "title": "BNBR Completes Quasi Reorganization Eliminating IDR 19.5 Trillion Equity Deficit",
      "content": "August: $BNBR: completed the quasi reorganization process to eliminate the IDR 19.5 Trillion equity deficit.",
      "urls": [],
      "primaryTickers": [
        "BNBR"
      ],
      "mentionedTickers": []
    },
    {
      "title": "ACES Does Not Extend License Agreement with Ace Hardware Corporation",
      "content": "August: $ACES: did not extend the license agreement with Ace Hardware Corporation, which expires on December 31, 2024.",
      "urls": [],
      "primaryTickers": [
        "ACES"
      ],
      "mentionedTickers": []
    },
    {
      "title": "LABA Explores Cooperation with ECGO and Plans Land Investment",
      "content": "August: $LABA: is exploring cooperation with electric motorcycle producer ECGO and plans to invest in land and buildings covering ±40 hectares.",
      "urls": [],
      "primaryTickers": [
        "LABA"
      ],
      "mentionedTickers": []
    },
    {
      "title": "LEAD Holds Private Placement for US$20 Million Debt Conversion",
      "content": "October: $LEAD: held a private placement for debt conversion of US$20 million.",
      "urls": [],
      "primaryTickers": [
        "LEAD"
      ],
      "mentionedTickers": []
    },
    {
      "title": "ENRG Subsidiary Signs Agreement to Acquire 51% Participating Rights in Sengkang Block",
      "content": "October: $ENRG: through its subsidiary signed an agreement to acquire 51% participating rights in the Sengkang Block, South Sulawesi.",
      "urls": [],
      "primaryTickers": [
        "ENRG"
      ],
      "mentionedTickers": []
    },
    {
      "title": "ANTM Subsidiary Acquires 30% Share in Tsingshan Group Entity for US$102.5 Million",
      "content": "October: $ANTM: through its subsidiary acquired 30% of Tsingshan Group's business entity shares - PT Jiu Long Metal Industry - for US$102.5 million.",
      "urls": [],
      "primaryTickers": [
        "ANTM"
      ],
      "mentionedTickers": []
    },
    {
      "title": "Reuters Reports Gunawan Family and ANZ Considering Divestment of PNBN",
      "content": "October: $PNBN: Reuters reported that the Gunawan family and ANZ Group Holdings Ltd. are considering plans to divest $PNBN. The controlling Gunawan family owns 46.52% of $PNBN shares, while ANZ owns 39.22%.",
      "urls": [],
      "primaryTickers": [
        "PNBN"
      ],
      "mentionedTickers": []
    },
    {
      "title": "RAJA Subsidiary RATU Plans IPO of 20% Shares",
      "content": "December: []()[]()$RAJA: subsidiary, Raharja Energi Cepu ($RATU), plans an IPO of 20% shares at a price of IDR 900-1,150/share.",
      "urls": [],
      "primaryTickers": [
        "RAJA"
      ],
      "mentionedTickers": [
        "RATU"
      ]
    },
    {
      "title": "KARW Controller Sells Shares to Expand Retail Base",
      "content": "December: $KARW: the controller sold ~5.4 million $KARW shares at an average price of IDR 6,376/share to expand the retail investor ownership base.",
      "urls": [],
      "primaryTickers": [
        "KARW"
      ],
      "mentionedTickers": []
    },
    {
      "title": "MDIY Operator Daya Intiguna Yasa Holds IPO",
      "content": "December: $MDIY: operator MR.D.I.Y, Daya Intiguna Yasa, held an IPO of 10% shares at a price of IDR 1,650/share.",
      "urls": [],
      "primaryTickers": [
        "MDIY"
      ],
      "mentionedTickers": []
    },
    {
      "title": "TOWR Subsidiary Acquires 90.11% IBST Shares",
      "content": "July: $TOWR: through its subsidiary acquired 90.11% of [$IBST]() worth IDR 3.42 Trillion.",
      "urls": [],
      "primaryTickers": [
        "TOWR"
      ],
      "mentionedTickers": [
        "IBST"
      ]
    },
    {
      "title": "JSMR Divests 35% Stake in Jasamarga Transjawa Tol",
      "content": "July: $JSMR: divested 35% of PT Jasamarga Transjawa Tol shares worth US$960.3 million to a consortium of Metro Pacific Tollways Corp and GIC Pte. Ltd..",
      "urls": [],
      "primaryTickers": [
        "JSMR"
      ],
      "mentionedTickers": []
    },
    {
      "title": "DOID Acquires Anthracite Mine Atlantic Carbon Group",
      "content": "July: $DOID: through its business entity acquired the anthracite mine, Atlantic Carbon Group, for US$122.4 million.",
      "urls": [],
      "primaryTickers": [
        "DOID"
      ],
      "mentionedTickers": []
    },
    {
      "title": "TPMA Acquires 65% Stake in PT Bahtera Energi Samudra Tuah as part of Rights Issue",
      "content": "July: $TPMA: acquired 65% of PT Bahtera Energi Samudra Tuah shares from an affiliated party for US$32.5 million, which is part of the IDR 406.5 Billion rights issue in July 2024.",
      "urls": [],
      "primaryTickers": [
        "TPMA"
      ],
      "mentionedTickers": []
    },
    {
      "title": "TOTL Shimizu Corporation Initiates Voluntary Tender Offer for 19.9% Shares",
      "content": "July: $TOTL: Shimizu Corporation held a voluntary tender offer for 19.9% of $TOTL shares, but there is no further update regarding this corporate action.",
      "urls": [],
      "primaryTickers": [
        "TOTL"
      ],
      "mentionedTickers": []
    },
    {
      "title": "Genting Plantations Bhd Plans to Buy 152 Hectares of Land from BKSL",
      "content": "July: $BKSL: Genting Plantations Bhd. plans to purchase 152 hectares of land from $BKSL and third parties for ~IDR 2 Trillion.",
      "urls": [],
      "primaryTickers": [
        "BKSL"
      ],
      "mentionedTickers": []
    },
    {
      "title": "INCO Acquisition by MIND ID",
      "content": "February: $INCO: the mining State-Owned Enterprise holding, MIND ID, acquired 14% of $INCO shares at a price of IDR 3,050/share.",
      "urls": [],
      "primaryTickers": [
        "INCO"
      ],
      "mentionedTickers": []
    },
    {
      "title": "WIKA Reaches Master Restructuring Agreement Worth IDR 24.79 Trillion",
      "content": "February: $WIKA: reached a master restructuring agreement worth IDR 24.79 Trillion.",
      "urls": [],
      "primaryTickers": [
        "WIKA"
      ],
      "mentionedTickers": []
    },
    {
      "title": "GGRM Subsidiary Obtains 50-Year Concession for Kediri-Tulungagung Toll Road",
      "content": "February: $GGRM: through its subsidiary obtained a concession period for the Kediri-Tulungagung toll road for 50 years, targeted to start operating in 3Q25.",
      "urls": [],
      "primaryTickers": [
        "GGRM"
      ],
      "mentionedTickers": []
    },
    {
      "title": "UNTR Plans Acquisition of Geothermal Company PT Supreme Energy Rantau Dedap",
      "content": "March: $UNTR: through its subsidiary plans to acquire the geothermal company PT Supreme Energy Rantau Dedap for US$80.69 million.",
      "urls": [],
      "primaryTickers": [
        "UNTR"
      ],
      "mentionedTickers": []
    },
    {
      "title": "FORU Acquired by IMR Asia Holding",
      "content": "March: $FORU: IMR Asia Holding acquired 77.7% of $FORU shares worth IDR 45.29 Billion.",
      "urls": [],
      "primaryTickers": [
        "FORU"
      ],
      "mentionedTickers": []
    },
    {
      "title": "EMTK Subsidiary Plans Acquisition of CASS Stake",
      "content": "March: $EMTK: through its subsidiary plans to acquire 41.15% of $CASS shares worth IDR 704.1 Billion. This corporate action was completed in April 2024.",
      "urls": [],
      "primaryTickers": [
        "EMTK"
      ],
      "mentionedTickers": [
        "CASS"
      ]
    },
    {
      "title": "HRUM Affiliate Acquires 51% Stake in HPAL Smelter Developer",
      "content": "April: $HRUM: through its subsidiary acquired 51% of Blue Sparkling Energy shares - an HPAL smelter developer that will operate in 2026 - for ~US$206.2 million. $HRUM also signed a memorandum of understanding for strategic cooperation with Eternal Tsingshan Group Ltd..",
      "urls": [],
      "primaryTickers": [
        "HRUM"
      ],
      "mentionedTickers": []
    },
    {
      "title": "SSIA Sells 108 Hectares of Land in Subang Smartpolitan to BYD",
      "content": "April: $SSIA: BYD announced the purchase of 108 hectares of land in the Subang Smartpolitan industrial estate owned by $SSIA. Previously, BYD launched products in Indonesia in early 2024.",
      "urls": [],
      "primaryTickers": [
        "SSIA"
      ],
      "mentionedTickers": []
    },
    {
      "title": "PYFA Subsidiary Acquires Probiotec Limited Shares, Partially Funded by Rights Issue Proceeds",
      "content": "June: $PYFA: through its subsidiary, acquired all shares of Probiotec Limited for ~AU$251 million, with part of the financing using proceeds from a rights issue of ~IDR 1 Trillion in April 2024 and the remainder from bank debt.",
      "urls": [],
      "primaryTickers": [
        "PYFA"
      ],
      "mentionedTickers": []
    },
    {
      "title": "RAJA Subsidiary Acquires Jabung Block Interest",
      "content": "January: $RAJA: through its subsidiary acquired an 8% participating interest in the Jabung block from PT GPI Jabung.",
      "urls": [],
      "primaryTickers": [
        "RAJA"
      ],
      "mentionedTickers": []
    },
    {
      "title": "KARW Acquired by PT Saranakelola Investa and Renamed Meratus Jasa Prima",
      "content": "January: $KARW: PT Saranakelola Investa bought 80.19% of $KARW shares from ICTSI Far East Limited Pte. Ltd. worth ~IDR 31 Billion. $KARW changed its name to Meratus Jasa Prima in May 2024.",
      "urls": [],
      "primaryTickers": [
        "KARW"
      ],
      "mentionedTickers": []
    },
    {
      "title": "Minister of SOEs Announces Consolidation Plan for SOE Construction Companies",
      "content": "March: Minister of State-Owned Enterprises, Erick Thohir, announced a consolidation plan for State-Owned Construction Companies from 7 companies to 3 companies, with the entities surviving after the merger being $ADHI, $PTPP, and PT Hutama Karya. This corporate action has not materialized despite initially being planned for completion in October 2024.",
      "urls": [],
      "primaryTickers": [],
      "mentionedTickers": [
        "ADHI",
        "PTPP"
      ]
    },
    {
      "title": "Starlink Gains Operating Permit for Retail Internet Service in Indonesia",
      "content": "May: Starlink obtained an operating permit in Indonesia to become an internet service provider for retail consumers.",
      "urls": [],
      "primaryTickers": [],
      "mentionedTickers": []
    },
    {
      "title": "VinFast Starts US$200 Million Factory Groundbreaking in Subang",
      "content": "July: VinFast started the groundbreaking of a factory worth US$200 million in Subang, targeted to operate in 4Q25.",
      "urls": [],
      "primaryTickers": [],
      "mentionedTickers": []
    }
  ]
}