{
  "publishDate": "2024-12-11",
  "marketNews": [
    {
      "title": "Bank Indonesia projects that retail sales in November 2024 will grow +0.4% MoM and +1.7% YoY. Retail sales in November 2024 are projected to be supported by sales in the information and communication equipment group, other household supplies, and the clothing sub-group. In October 2024, realized retail sales grew +1.7% YoY, although contracting -0.01% MoM (vs. September 2024: +4.8% YoY, -2.5% MoM).",
      "content": "Bank Indonesia memperkirakan bahwa penjualan ritel pada November 2024 akan tumbuh +0,4% MoM dan +1,7% YoY. Penjualan ritel pada November 2024 diperkirakan akan ditopang oleh penjualan kelompok peralatan informasi dan komunikasi, perlengkapan rumah tangga lainnya, dan sub-kelompok sandang. Pada Oktober 2024, realisasi penjualan ritel tercatat tumbuh +1,5% YoY, meski terkontraksi -0,01% MoM (vs. September 2024: +4,8% YoY, -2,5% MoM).",
      "urls": [
        "https://www.bi.go.id/id/publikasi/ruang-media/news-release/Pages/sp_2626724.aspx"
      ],
      "primaryTickers": [],
      "mentionedTickers": []
    },
    {
      "title": "Acting Director General of Oil and Gas at the Ministry of ESDM, Dadan Kusdiana, signals that the Specific Natural Gas Price Incentive (HGBT) will continue in 2025.",
      "content": "Plt Dirjen Migas Kementerian ESDM, Dadan Kusdiana, memberikan sinyal bahwa insentif harga gas bumi tertentu (HGBT) akan berlanjut pada 2025. Dadan menyebut bahwa pihaknya telah menerima rekomendasi dari Kementerian Perindustrian untuk menambah 15 sub-sektor industri baru sebagai penerima HGBT pada tahun depan, meski dia tidak merincinya lebih lanjut. Dadan juga menegaskan bahwa harga HGBT tahun depan tidak akan berbeda jauh dengan harga HGBT saat ini yang berkisar 6 dolar AS per MMBtu.",
      "urls": [
        "https://epaper.kontan.co.id/mobile/harian/2024/12/11"
      ],
      "primaryTickers": [],
      "mentionedTickers": []
    },
    {
      "title": "Country Manager of Kuwait Foreign Petroleum Exploration Company (KUFPEC) in Indonesia, Sara Al-Baker, discusses exploring opportunities in the Natuna D-Alpha gas block.",
      "content": "Country Manager Kuwait Foreign Petroleum Exploration Company (KUFPEC) di Indonesia, Sara Al-Baker, mengatakan bahwa pihaknya tengah melakukan studi dan menjajaki peluang blok gas migas Natuna D-Alpha, serta berencana untuk berpartisipasi dalam penawaran blok migas dari pemerintah di masa mendatang. Blok Natuna D-Alpha sendiri diperkirakan memiliki sumber daya gas sebesar 230 triliun kaki kubik, salah satu sumber daya terbesar di dunia. KUFPEC sendiri telah beroperasi di Laut Natuna dengan kepemilikan saham di Blok A Natuna, yang memasok gas ke Singapura, dan Blok Anambas, yang sedang dalam proses mendapatkan persetujuan pengembangan.",
      "urls": [
        "https://www.reuters.com/markets/commodities/explorer-kufpec-eyes-more-oil-gas-opportunity-indonesias-natuna-sea-2024-12-09/"
      ],
      "primaryTickers": [],
      "mentionedTickers": []
    },
    {
      "title": "Chairman of the Indonesian Heavy Equipment Sole Agent Association, Yushi Sandidarma, discusses the impact of heavy equipment tax and increasing VAT on industry prospects.",
      "content": "Ketua Umum Perhimpunan Agen Tunggal Alat Berat Indonesia, Yushi Sandidarma, mengatakan bahwa implementasi pajak alat berat akan menjadi beban bagi para pelanggan alat berat, khususnya di tengah kenaikan PPN menjadi 12% pada 2025. Dampaknya, Yushi menyebut bahwa penjualan alat berat pada 2025 berpotensi kembali menurun. Pajak alat berat sendiri diatur oleh UU No. 1/2022 dan menyasar produk seperti excavator, bulldozer, crane, loader, backhoe, motor grader, dumptruck, diesel hammer, hingga scraper. Beberapa daerah sudah memberlakukan pajak alat berat, sementara Kalimantan Utara baru akan menerapkannya pada 2025.",
      "urls": [
        "https://industri.kontan.co.id/news/ada-pajak-alat-berat-dan-ppn-12-prospek-industri-alat-berat-nasional-makin-suram"
      ],
      "primaryTickers": [],
      "mentionedTickers": []
    }
  ],
  "tickerNews": [
    {
      "title": "XL Axiata and Smartfren Telecom announce definitive merger agreement with combined pre-synergy enterprise value exceeding IDR 104 trillion.",
      "content": "XL Axiata ($EXCL) dan Smartfren Telecom ($FREN) mengumumkan kesepakatan definitif untuk merger dengan nilai gabungan enterprise value pra-sinergi mencapai lebih dari 104 triliun rupiah atau ~6,5 miliar dolar AS. EXCL akan menjadi surviving entity dengan nama perusahaan baru menjadi PT XLSmart Telecom Sejahtera Tbk. Berikut beberapa poin pentingnya: \n- Rasio Pertukaran Merger - Rasio pertukaran penggabungan usaha yang telah disepakati adalah 1 saham FREN untuk 0,011 saham perusahaan gabungan (EXCL). Dengan kata lain, dibutuhkan ~91 saham FREN untuk mendapatkan 1 saham EXCL. Sementara itu, 1 saham EXCL pra-merger akan tetap mendapatkan 1 saham perusahaan gabungan, tetapi dengan dilusi kepemilikan sebesar 27,95%. Untuk pemegang saham minoritas PT Smart Telecom, yakni PT Industri Telekomunikasi Indonesia, 1 saham minoritas PT Smart Telecom akan mendapatkan 0,005 saham EXCL.\n- Porsi Kepemilikan Pengendali - Axiata dan Sinarmas akan memiliki porsi kepemilikan yang sama pada perusahaan gabungan (EXCL) masing-masing sebesar 34,8%, sementara porsi kepemilikan publik sebesar 30,4%. Porsi kepemilikan Sinarmas akan berasal dari gabungan kepemilikan PT Bali Media Telekomunikasi (24,6%), PT Global Nusa Data (4,7%), PT Wahana Inti Nusantara (2,9%), dan PT Gerbangmas Tunggal Sejahtera (2,6%). Agar memiliki porsi kepemilikan yang sama, Sinarmas melalui PT Bali Media Telekomunikasi akan membeli ~2,4 miliar saham EXCL dari Axiata dengan konsiderasi tunai maksimum 475 juta dolar AS atau ~7,5 triliun rupiah (mengimplikasikan harga 3.157 rupiah per saham). Pembayaran tersebut meliputi 400 juta dolar AS atau ~6,3 triliun rupiah (mengimplikasikan harga 2.659 rupiah per saham) pada transaksi awal dan tambahan 75 juta dolar AS atau ~1,2 triliun rupiah, jika kondisi untuk pembayaran 'Konsiderasi Penyetaraan Tertunda' terpenuhi.\n- Opsi Buyback untuk Pemegang Saham yang Tidak Setuju Merger - Jika terdapat pemegang saham minoritas di EXCL maupun FREN yang tidak setuju dengan merger ini, EXCL menawarkan buyback hingga 10% dari saham yang diterbitkan pada masing-masing emiten pra-merger dengan total alokasi dana hingga ~3,09 triliun rupiah. Pemegang saham EXCL yang tidak setuju merger akan ditawarkan harga buyback sebesar 2.350 rupiah per saham, sementara pemegang saham FREN sebesar 25 rupiah per saham. Jika buyback yang diperlukan melebihi ~3,09 triliun rupiah, Axiata dan Sinarmas akan bertindak sebagai pembeli siaga secara bersamaan dengan porsi yang sama.\n- Ketentuan untuk Pemegang Waran FREN - Bagi pemegang waran seri III Smartfren Telecom (($FREN-W2)), FREN memberikan hak kepada seluruh pemegang waran FREN-W2 untuk melaksanakan waran mereka dalam waktu paling sedikit 3 bulan sejak 11 Desember 2024.\nManajemen EXCL menjelaskan bahwa ke depannya merger ini akan berdampak positif dan berpotensi memberikan estimasi sinergi sebelum pajak tahunan sebesar 300-400 juta dolar AS, setara dengan 21-30% EBITDA gabungan secara pro-forma per 3Q24 TTM. Sinergi ini utamanya akan datang dari: 1) optimisasi area jaringan yang overlapping sebanyak 14.000-20.000 sites (20-30% dari total sites); dan 2) optimisasi saluran penjualan, baik dari sisi aktivasi pemasaran maupun digital channel.\nMeskipun terdapat potensi sinergi ke depan, kinerja gabungan keduanya pada saat ini akan terlihat sedikit mengalami penurunan. Per 3Q24 TTM, secara pro-forma, blended ARPU EXCL akan sedikit turun dari level 41.000 rupiah akibat blended ARPU FREN yang lebih rendah. Margin EBITDA pun akan turun dari 51,5% menjadi 49,4%. Guidance terkait prospek kinerja gabungan akan diberikan lebih lanjut.\nMerger ini ditargetkan rampung pada 1H25, sementara RUPSLB dijadwalkan pada 21 Maret 2025.\nKey Takeaway\nRasio pertukaran penggabungan yang disepakati mencerminkan valuasi yang tidak berbeda jauh dengan valuasi saat ini (current market valuation), baik untuk EXCL maupun FREN. Oleh karena itu, faktor utama yang perlu diperhatikan oleh investor adalah progres eksekusi untuk mencapai target sinergi yang diharapkan - baik dari aspek nominal sinergi maupun timeline-nya - serta risiko terkait penyesuaian operasi gabungan dalam jangka pendek, seperti positioning produk dan biaya integrasi yang muncul.",
      "urls": [
        "https://www.idx.co.id/StaticData/NewsAndAnnouncement/ANNOUNCEMENTSTOCK/From_EREP/202412/016740086f_c53bc26db8.pdf",
        "https://www.idx.co.id/StaticData/NewsAndAnnouncement/ANNOUNCEMENTSTOCK/From_EREP/202412/be7887a682_556d380110.pdf",
        "https://www.idx.co.id/StaticData/NewsAndAnnouncement/ANNOUNCEMENTSTOCK/From_EREP/202412/ee723298ae_1654ea93e2.pdf"
      ],
      "primaryTickers": [
        "EXCL",
        "FREN"
      ],
      "mentionedTickers": []
    },
    {
      "title": "BRMS announced higher-grade gold reserves through its subsidiary CPM at the Poboya mine.",
      "content": "$BRMS: Bumi Resources Minerals melalui anak usahanya, PT Citra Palu Minerals (CPM), mengumumkan cadangan emas dengan kadar yang lebih tinggi di tambang River Reef dan Hill Reel di Poboya, Palu. Rata-rata kadar emas dari kedua lokasi tercatat sebesar 3,2 gram per ton (vs. 2,4 gram per ton kadar emas CPM pada FY23), dengan total kandungan emas sebesar 3,54 juta oz (vs. 2,4 juta oz cadangan emas CPM pada FY23). Mayoritas (85%) dari kandungan emas tersebut berasal dari prospek penambangan bawah tanah di lokasi tambang River Reef yang memiliki kadar emas 4,9 gram per ton. BRMS juga mencatatkan 8,6 juta oz cadangan perak dengan kadar 7,8 gram per ton. CPM juga mengumumkan PT Macmahon Indonesia, anak usaha dari Macmahon Holdings Limited, sebagai kontraktor di proyek tambang emas Poboya. Pengembangan bawah tanah di River Reef ditargetkan dimulai pada 2Q25, dengan produksi emas dari pit bawah tanah ditargetkan dimulai pada akhir 2027.",
      "urls": [],
      "primaryTickers": [
        "BRMS"
      ],
      "mentionedTickers": []
    },
    {
      "title": "Summarecon Agung (SMRA) recorded marketing sales of IDR 337.46 billion in November 2024, achieving 70% of the 2024 target.",
      "content": "$SMRA: Summarecon Agung mencatatkan marketing sales sebesar 337,46 miliar rupiah (-35% MoM, -5% YoY) pada November 2024. Hasil ini membuat marketing sales selama 11M24 mencapai ~3,51 triliun rupiah (-5% YoY), baru memenuhi 70% dari target 2024 di level 5 triliun rupiah. Segmen rumah berkontribusi sebanyak 75% dari marketing sales selama 11M24, diikuti oleh ruko (13%), apartemen (6%), kavling tanah (4%), serta perkantoran dan komersial (2%).",
      "urls": [],
      "primaryTickers": [
        "SMRA"
      ],
      "mentionedTickers": []
    },
    {
      "title": "Delta Dunia Makmur (DOID) forecasts acquisition of Dawson Complex mine will contribute USD 130-200 million in annual EBITDA, with transaction completion targeted for 2Q25.",
      "content": "$DOID: Direktur Delta Dunia Makmur, Iwan Fuad Salim, mengatakan bahwa akuisisi tambang batu bara metalurgi Dawson Complex akan menyumbang EBITDA sebesar 130-200 juta dolar AS per tahun. Iwan menyebut bahwa transaksi Dawson Complex akan rampung paling lambat pada 2Q25, sehingga kontribusi tambang tersebut pada EBITDA perseroan selama 2025 berkisar 65-100 juta dolar AS. Iwan juga mengatakan bahwa transaksi penyertaan saham baru senilai 62,1 juta dolar Australia yang diterbitkan entitas usaha DOID di bidang pertambangan tembaga, 29Metals Ltd. (ASX: 29M), akan rampung pada akhir Desember 2024. Iwan juga menyebut bahwa laporan keuangan DOID untuk 3Q24 akan rilis pada akhir Desember 2024.",
      "urls": [
        "https://epaper.kontan.co.id/mobile/harian/2024/12/11",
        "https://snips.stockbit.com/snips-terbaru/-foreign-inflow-rp2-t-ihsg-rebound-21",
        "https://katadata.co.id/finansial/korporasi/67580018db8cc/delta-dunia-doid-bakal-rilis-laporan-keuangan-kuartal-iii-pada-akhir-desember"
      ],
      "primaryTickers": [
        "DOID"
      ],
      "mentionedTickers": []
    },
    {
      "title": "Surya Semesta Internusa (SSIA) targets IDR 6 trillion revenue in 2025, expecting BYD to complete land purchase this month.",
      "content": "$SSIA: Vice President of Investor Relations & Corporate Communications Surya Semesta Internusa, Erlin Budiman, mengatakan bahwa pihaknya menargetkan pendapatan sebesar 6 triliun rupiah pada 2025 (vs. target 2024: 6,3 triliun rupiah), dengan laba bersih sebesar 400 miliar rupiah (vs. target 2024: 300 miliar rupiah). Target konservatif tersebut mempertimbangkan salah satu segmen dengan kontribusi pendapatan yang signifikan, yakni Hotel Melia Bali, sedang direnovasi dan ditutup hingga 2026. Erlin menyebut bahwa pihaknya optimistis dapat memenuhi target pendapatan 2024 karena BYD akan merampungkan pembelian lahan industri seluas 108 hektare di Subang Smartpolitan pada Desember 2024.",
      "urls": [
        "https://market.bisnis.com/read/20241211/192/1823328/byd-masuk-bulan-ini-pendapatan-surya-semesta-ssia-bakal-tembus-rp6-triliun"
      ],
      "primaryTickers": [
        "SSIA"
      ],
      "mentionedTickers": []
    },
    {
      "title": "Chandra Asri Pacific (TPIA) signs EPC contract to expand Butene-1 and MTBE plant capacity by over +25%.",
      "content": "$TPIA: Chandra Asri Pacific mengumumkan telah menandatangani kontrak engineering, procurement, and construction dengan PT Inti Karya Persada Tehnik untuk memperluas kapasitas pabrik butene-1 (B1) dan pabrik methyl tert-butyl ether (MTBE), yang terletak di dalam kompleks pabrik petrokimia terintegrasi milik TPIA di Ciwandan, Banten. Ekspansi pabrik tersebut akan meningkatkan kapasitas produksi B1 dan MTBE lebih dari +25%. B1 sendiri merupakan bahan baku penting dalam produksi resin plastik polyethylene, sementara MTBE merupakan octane booster untuk bensin.",
      "urls": [
        "https://www.idx.co.id/StaticData/NewsAndAnnouncement/ANNOUNCEMENTSTOCK/From_EREP/202412/7dd9aa9e8f_707a7aa5de.pdf"
      ],
      "primaryTickers": [
        "TPIA"
      ],
      "mentionedTickers": []
    },
    {
      "title": "Energi Mega Persada (ENRG) is studying reactivation of oil and gas fields and undeveloped discoveries, with estimated investment up to USD 100 million.",
      "content": "$ENRG: Energi Mega Persada mengumumkan sedang melakukan kajian reaktivasi lapangan minyak dan gas (migas) serta potensi temuan migas yang belum dikembangkan (undeveloped discovery) di wilayah-wilayah kerja perseroan. Dari hasil kajian tersebut, perseroan akan merencanakan kegiatan akuisisi seismik 3D, pengeboran sumur kajian (appraisal), sumur pengembangan, pemasangan very low pressure (VLP) compressor, hingga akuisisi data sumuran dan kerja ulang (workover) dengan perkiraan investasi mencapai 100 juta dolar AS.",
      "urls": [
        "https://www.idx.co.id/StaticData/NewsAndAnnouncement/ANNOUNCEMENTSTOCK/From_EREP/202412/1984acb616_0567d6a696.pdf"
      ],
      "primaryTickers": [
        "ENRG"
      ],
      "mentionedTickers": []
    },
    {
      "title": "JSMR and Hutama Karya will not offer toll discounts during Christmas and New Year (Nataru), though discounts for Eid al-Fitr 2025 are possible.",
      "content": "$JSMR: Direktur Utama Jasa Marga, Subakti Syukur, mengatakan bahwa JSMR dan PT Hutama Karya tidak akan memberikan diskon tarif tol selama Natal dan Tahun Baru (Nataru), mengingat volume lalu lintas pada momen tersebut tidak sebanyak Lebaran. Langkah ini diambil karena pembiayaan jalan tol yang cukup besar, di mana kedua BUMN tersebut akan mengoperasikan 7 ruas tol sepanjang 120 km selama Nataru. Meski tidak memberikan diskon tarif tol selama Nataru, Subakti menyebut bahwa pihaknya membuka kemungkinan untuk memberikan diskon tarif tol pada Lebaran 2025.",
      "urls": [
        "https://epaper.bisnis.com/epaper/detail/page/148243/",
        "https://industri.kontan.co.id/news/jasa-marga-dan-hutama-karya-kompak-tak-berikan-diskon-tarif-tol-selama-nataru"
      ],
      "primaryTickers": [
        "JSMR"
      ],
      "mentionedTickers": []
    },
    {
      "title": "Integra Indocabinet (WOOD) partners with Ciputra Development's (CTRA) unit to develop mid-market housing in Sidoarjo.",
      "content": "Integra Indocabinet ($WOOD) mengumumkan kerja sama dengan entitas usaha Ciputra Development ($CTRA), PT Ciputra Cipta Cemerlang, untuk mengembangkan kawasan perumahan di tanah milih WOOD yang terletak di Sidoarjo, Jawa Timur. Kerja sama ini menyasar pasar kelas menengah dengan harga yang \"relatif tidak mahal.\" WOOD menjelaskan bahwa kerja sama ini berpotensi meningkatkan pendapatan dan laba bersih perseroan, meski tidak merincinya lebih lanjut.",
      "urls": [
        "https://www.idx.co.id/StaticData/NewsAndAnnouncement/ANNOUNCEMENTSTOCK/From_EREP/202412/fa97fa5a5b_93fa50a324.pdf"
      ],
      "primaryTickers": [
        "WOOD"
      ],
      "mentionedTickers": [
        "CTRA"
      ]
    },
    {
      "title": "Jasa Armada Indonesia (IPCM) will distribute interim cash dividend for 2024 book year amounting to ~IDR 20 billion.",
      "content": "Jasa Armada Indonesia ($IPCM) akan membagikan dividen interim tahun buku 2024 senilai ~20 miliar rupiah atau 3,8 rupiah per saham. Cum date di pasar reguler dan negosiasi pada 19 Desember 2024, dengan pembayaran pada 10 Januari 2025. Mengacu harga saham IPCM pada penutupan bursa hari Rabu (11/12) di level 274 rupiah per lembar, maka indikasi dividend yield adalah 1,4%.",
      "urls": [
        "https://www.idx.co.id/StaticData/NewsAndAnnouncement/ANNOUNCEMENTSTOCK/From_EREP/202412/6886933fca_cccb3ef697.pdf"
      ],
      "primaryTickers": [
        "IPCM"
      ],
      "mentionedTickers": []
    },
    {
      "title": "Humpuss Maritim Internasional (HUMI) acquires a tanker vessel from an affiliate company controlled by HUMI's controller.",
      "content": "Humpuss Maritim Internasional ($HUMI) melalui entitas usahanya, PT Hutama Trans Kencana, mengumumkan pembelian 1 unit kapal tanker senilai ~3 juta dolar AS atau 47,2 miliar rupiah dari pihak afiliasi, PT Humpuss Transportasi Kimia. Transaksi ini ditujukan untuk ekspansi usaha dan diversifikasi portofolio bisnis. PT Humpuss Transportasi Kimia sendiri merupakan perusahaan yang dikendalikan oleh pengendali HUMI, Humpuss Intermoda Transportasi ($HITS).",
      "urls": [
        "https://www.idx.co.id/StaticData/NewsAndAnnouncement/ANNOUNCEMENTSTOCK/From_EREP/202412/13841e9f5d_e6a464b2c5.pdf"
      ],
      "primaryTickers": [
        "HUMI"
      ],
      "mentionedTickers": [
        "HITS"
      ]
    }
  ]
}