{
  "publishDate": "2025-08-06",
  "marketNews": [
    {
      "title": "TLKM 2Q25 Earnings Call: The Worst Might Be Over",
      "content": "Manajemen Telkom Indonesia ($TLKM) mengadakan earnings call kinerja 2Q25 pada Selasa (5/8) sore. Berikut beberapa catatan penting kami:\nRevisi Guidance 2025\nMenyusul lemahnya kinerja pada 1H25, manajemen TLKM memutuskan untuk merevisi guidance pertumbuhan pendapatan selama 2025 dari low-single digit menjadi flat. Revisi target top-line yang lebih soft tersebut juga berdampak pada penurunan ekspektasi margin EBITDA dari target awal di kisaran 50-52% menjadi 50% (vs. 1H25: 49,5%). Untuk mencapai target ini, TLKM perlu membukukan pendapatan sebesar ~77 triliun rupiah pada 2H25, naik dibandingkan realisasi pada 1H25 di ~73 triliun rupiah (+5,4%) dan 2H24 di ~74,7 triliun rupiah (+3%). Kami menilai target ini dapat tercapai (achievable), mengingat terdapat beberapa katalis positif untuk kinerja TLKM ke depannya.\nTren Penurunan ARPU Mulai Mereda\nManajemen TLKOM memprediksi bahwa penurunan average revenue per user (ARPU) di segmen mobile ke level 41,2 ribu rupiah telah mencapai puncaknya, didukung oleh beberapa faktor seperti: 1) peluncuran starter pack 35 ribu rupiah untuk 3 GB (vs. sebelumnya 24 ribu rupiah untuk 6 GB) serta penghentian program Telkomsel Lite dan Telkomsel prabayar; 2) simplifikasi produk dari 6 ribu SKU menjadi 400 SKU; dan 3) sisa persediaan starter pack murah dari periode persaingan ketat pada 3Q24-1Q25 diekspektasikan akan habis pada akhir Agustus 2025.\nKe depannya, manajemen TLKM mengekspektasikan bahwa tingkat daya beli masyarakat akan meningkat, sehingga jumlah konsumsi - yang diindikasikan oleh data payload - akan meningkat meski harga jual mengalami kenaikan.\nPersiapan Strategi Bisnis FiberCo\nMenyusul pembentukan Infranexia (PT Telkom Infrastruktur Indonesia) sebagai entitas infrastruktur fiber, manajemen berencana melakukan spin off tahap pertama pada 4Q25 dengan target >50% dari total aset dan bisnis fiber terpilih milik TLKM dialihkan ke PT Telkom Infrastruktur Indonesia. Selanjutnya, manajemen tengah mengkaji beberapa aset fiber yang saat ini hanya digunakan oleh internal untuk dapat dibuka aksesnya kepada pihak eksternal, sehingga meningkatkan utilisasi fiber. Meski demikian, manajemen TLKM masih mengkaji dampak setiap pembukaan akses fiber kepada pihak eksternal terhadap bisnis IndiHome. Kami menilai langkah ini dapat meningkatkan persaingan pada bisnis segmen fixed broadband, baik dari sisi service provider maupun penyedia infrastruktur.\nKey Takeaway\nMenyusul penurunan kinerja pada 1H25, harga saham TLKM telah menguat +3,8% dari 2.880 rupiah per lembar pada penutupan bursa hari Kamis (31/7) menjadi 2.990 rupiah per lembar pada Rabu (6/8). Ekspektasi bahwa kinerja terburuk telah terlewati pada 2Q25 dan ke depannya akan membaik, kami nilai merupakan faktor yang direspons positif oleh market. Progres dari pemulihan ini - yang diindikasikan oleh peningkatan ARPU dan stabilisasi jumlah pelanggan - menjadi hal yang perlu dicermati dan dipantau oleh investor, sebab akan menjadi faktor kunci yang menentukan pemulihan harga saham TLKM, menurut kami.",
      "urls": [],
      "primaryTickers": [
        "TLKM"
      ],
      "mentionedTickers": []
    },
    {
      "title": "Hal lain yang lagi hot yang perlu kamu ketahui...",
      "content": "Ketua Dewan Komisioner OJK, Mahendra Siregar, mengatakan bahwa pihaknya bersama sektor perbankan dan pasar modal sedang melakukan finalisasi untuk skema pembiayaan bagi operasional pelaksanaan program Makan Bergizi Gratis. Skema pembiayaan yang dirancang mencakup pembiayaan operasional, refinancing, hingga pembiayaan untuk peningkatan kapasitas ke depan. Mahendra menyebutkan bahwa pihaknya melihat realisasi wacana ini akan dapat segera dimulai dalam waktu dekat.\nMenteri Koordinator Bidang Perekonomian, Airlangga Hartarto, membantah dugaan manipulasi data terkait pertumbuhan ekonomi Indonesia pada 2Q25 yang mencapai +5,12% YoY. Pernyataan Airlangga muncul setelah data yang diumumkan oleh BPS tersebut jauh melampaui ekspektasi konsensus di level +4,8% YoY. Direktur Ekonomi Digital Center of Economic and Law Studies, Nailul Huda, berpendapat bahwa data dari BPS tersebut penuh kejanggalan, karena tidak sinkron dengan leading indicator seperti Purchasing Managers' Index manufaktur.\nSurvei harga properti residensial dari Bank Indonesia menunjukkan bahwa pertumbuhan harga properti residensial melambat ke level +0,9% YoY pada 2Q25 (vs. 2Q24: +1,76% YoY, 1Q25: +1,07% YoY). Sementara itu, penjualan properti residensial pada 2Q25 terkontraksi -3,8% YoY (vs. 2Q24: +7,3% YoY, 1Q25: +0,73% YoY) akibat kontraksi penjualan rumah tipe menengah -17,69% YoY (vs. 2Q24: +3,01% YoY, 1Q25: -35,76% YoY) dan tipe besar -14,95% YoY (vs. 2Q24: +27,41% YoY, 1Q25: -11,69% YoY) di tengah pertumbuhan penjualan tipe kecil +6,7% YoY (vs. 2Q24: +4,51% YoY, 1Q25: +21,75% YoY).\nPemerintah bersama DPR dan perwakilan asosiasi pengemudi logistik sepakat untuk menindak truk-truk dengan dimensi dan muatan berlebih atau overdimension overloading (ODOL) mulai dari 2027, menurut laporan Kompas. Kesepakatan ini mundur dari rencana sebelumnya pada 2026.",
      "urls": [
        "https://keuangan.kontan.co.id/news/perbankan-dilibatkan-dalam-program-mbg-ini-manfaat-dan-mudaratnya-menurut-ekonom",
        "https://www.tempo.co/ekonomi/airlangga-bantah-ada-permainan-data-pertumbuhan-ekonomi-2055541",
        "https://snips.stockbit.com/snips-terbaru/-inflasi-dan-surplus-neraca-dagang-lampaui-ekspektasi",
        "https://www.bi.go.id/id/publikasi/laporan/Documents/SHPR-Tw-II-2025.pdf",
        "https://www.kompas.id/artikel/zero-odol-berlaku-2027-pengemudi-truk-menuntut-dilibatkan-penyusunan-regulasi"
      ],
      "primaryTickers": [],
      "mentionedTickers": []
    },
    {
      "title": "7 Pelajaran Investasi yang akan Menyelamatkan Portofolio",
      "content": "“Lebih baik biasa cuan konsisten walaupun tidak fantastis daripada kejar cuan besar namun sekalinya loss langsung bisa bikin \"pensiun\" dari saham.\" - parahitairawan",
      "urls": [
        "https://stockbit.com/parahitairawan?source=0"
      ],
      "primaryTickers": [],
      "mentionedTickers": []
    }
  ],
  "tickerNews": [
    {
      "title": "Praego Pangestu Sells ~0.89% of CUAN Shares to Increase Free Float",
      "content": "Pengendali Petrindo Jaya Kreasi, Prajogo Pangestu, menjual 1 miliar saham CUAN dengan harga rata-rata 1.450 rupiah per lembar pada 5 Agustus 2025, yang ditujukan untuk menambah free float saham yang beredar. Total nilai transaksi mencapai ~1,45 triliun rupiah. Setelah transaksi ini, porsi kepemilikan Prajogo Pangestu di CUAN turun dari 84,966% menjadi 84,076%.",
      "urls": [
        "https://www.idx.co.id/StaticData/NewsAndAnnouncement/ANNOUNCEMENTSTOCK/From_EREP/202508/8a91f3c3fd_4af73750b7.pdf"
      ],
      "primaryTickers": [
        "CUAN"
      ],
      "mentionedTickers": []
    },
    {
      "title": "MNC Tourism Indonesia Acquires 55% Stake in PT Kios Ria Kreasi to Develop Bali Theme Park and Resort",
      "content": "MNC Tourism Indonesia mengumumkan telah sepakat untuk mengakuisisi 55% saham PT Kios Ria Kreasi - perusahaan yang memiliki hak pengelolaan atas lahan seluas ~92,1 ha di Taman Kerthi Bali Semesta, Jembrana, Bali - dengan nilai yang tidak disebutkan. KPIG menyebutkan bahwa perseroan akan mengembangkan international theme park, water park, dan resort di lahan tersebut. KPIG juga mengklaim bahwa pengembangan proyek ini akan dilakukan bersama salah satu operator theme park terbesar di dunia, meski tidak merincinya lebih lanjut.",
      "urls": [
        "https://www.idx.co.id/StaticData/NewsAndAnnouncement/ANNOUNCEMENTSTOCK/From_EREP/202508/b4ae2d436e_73dee807ef.pdf"
      ],
      "primaryTickers": [
        "KPIG"
      ],
      "mentionedTickers": []
    },
    {
      "title": "Arwana Citramulia Completes Share Buyback from April to July 2025",
      "content": "Arwana Citramulia mengumumkan telah merampungkan buyback saham untuk periode 29 April-29 Juli 2025, dengan jumlah saham yang dibeli mencapai ~18,3 juta saham. Total nilai transaksi ini mencapai ~10,9 miliar rupiah, mengimplikasikan harga rata-rata pembelian sebesar 596 rupiah per lembar.",
      "urls": [
        "https://www.idx.co.id/StaticData/NewsAndAnnouncement/ANNOUNCEMENTSTOCK/From_EREP/202508/51424627c1_2da8999eb2.pdf"
      ],
      "primaryTickers": [
        "ARNA"
      ],
      "mentionedTickers": []
    },
    {
      "title": "Xolare RCR Energy Partners with US-based Apolpo LLC for CCUS Project Development in Indonesia",
      "content": "Xolare RCR Energy mengumumkan kerja sama dengan Apolpo LLC - perusahaan asal AS yang bergerak dalam strategi iklim dan solusi karbon - untuk mengembangkan proyek carbon capture, utilization, and storage (CCUS) di Indonesia. Melalui perjanjian jangka panjang ini, SOLA akan menjadi perwakilan eksklusif Apolpo LLC di Indonesia dengan tanggung jawab untuk merancang, mengembangkan, dan mengimplementasikan inisiatif CCUS guna mendukung dekarbonisasi di sektor-sektor utama seperti energi, manufaktur, dan heavy industry.",
      "urls": [
        "https://www.idx.co.id/StaticData/NewsAndAnnouncement/ANNOUNCEMENTSTOCK/From_EREP/202508/3b935dd90c_5326eaf5ef.pdf"
      ],
      "primaryTickers": [
        "SOLA"
      ],
      "mentionedTickers": []
    }
  ]
}