{
  "publishDate": "2025-05-23",
  "marketNews": [
    {
      "title": "US House Passes Trump Tax & Spending Bill, Dollar Under Pressure",
      "content": "The US House of Representatives, controlled by the Republican Party, on Thursday (22/5) passed the tax and spending bill for President Donald Trump's cabinet. The bill will fulfill many of Trump's populist campaign promises, such as tax cuts for individuals and corporations, increased military spending, law enforcement at the nation's borders, and ending clean energy incentives from the era of President Biden. After being passed by the House, the tax and spending bill will be submitted to the US Senate - which is also controlled by the Republican Party - to be passed into law. The bill will increase the US government debt by approximately 3.8 trillion US dollars over the next decade, adding to investor concerns about US solvency levels. Last week, rating agency Moody's lowered the US government's credit rating from Aaa with a negative outlook to Aa1 with a stable outlook, marking Moody's first downgrade of the US government rating since 1917. Prior to Moody's, Fitch and Standard & Poor's had also lowered US debt ratings in 2023 and 2021, respectively. Currently, the US government debt stands at 36.2 trillion rupiah. Interest payments on the US government debt contributed 12.5% of total US expenditures in 2024 and are predicted to increase to 16.7% over the next 10 years. Concerns regarding US government debt again put pressure on the US Dollar Index (DXY), falling -0.6% to the 99.36 level in trading today, Friday (23/5). Year-to-date, the DXY has weakened by -8.4% YTD. Meanwhile, the yield on the 10-year US government bond was flat at the 4.528% level today. Domestically, the rupiah exchange rate against the US dollar strengthened by +0.67% to the 16,217 level, and the IHSG rose +0.66% to 7,214.16 with a foreign inflow of 589 billion rupiah today. The yield on the 10-year Indonesian government bond fell -2 bps to the 6.828% level.",
      "urls": [
        "https://www.reuters.com/world/us/us-house-republicans-set-pre-dawn-votes-get-trump-tax-bill-over-finish-line-2025-05-22/",
        "https://ratings.moodys.com/ratings-news/443154",
        "https://www.pgpf.org/national-debt-clock/"
      ],
      "primaryTickers": [],
      "mentionedTickers": []
    },
    {
      "title": "Key Takeaway",
      "content": "The trend of the weakening US dollar is projected to potentially push the strengthening of the rupiah exchange rate even below the 16,000 level in 4Q25, which could be followed by a continuation of foreign inflow into the IHSG. The increase in the IHSG driven by foreign inflow will generally have a positive impact on the Big 4 Banks – namely, BBCA, BMRI, BBNI, BBRI. In terms of performance, the strengthening of the rupiah will positively impact issuers that have a large portion of imports/dollar-denominated debt, such as ICBP, KLBF, and MAPI.",
      "urls": [
        "https://snips.stockbit.com/snips-terbaru/-rupiah-lanjut-menguat-diproyeksikan-tembus-ke-bawah-16000"
      ],
      "primaryTickers": [
        "BBCA",
        "BMRI",
        "BBNI",
        "BBRI",
        "ICBP",
        "KLBF",
        "MAPI"
      ],
      "mentionedTickers": []
    },
    {
      "title": "Other hot things you need to know...",
      "content": "Bloomberg reported that OPEC+ members are considering an oil production increase in July 2025, with the final decision to be made at the meeting on June 1, 2025. OPEC+ delegates stated they are considering an option to increase production by 411,000 barrels per day in July 2025, which is 3 times the originally planned amount. However, no final agreement has been reached regarding the amount of the production increase. Reuters reported that since April 2025, OPEC+ has planned to increase production by a total of 960,000 barrels per day, equivalent to 44% of the 2.2 million barrels per day production cut. Finance Minister, Sri Mulyani, on Friday (23/5) inaugurated several echelon I officials of the Ministry of Finance, including Lieutenant General (Ret.) Djaka Budi Utama as Director General of Customs and Excise and Bimo Wijayanto as Director General of Taxes. Kontan previously reported that the appointments of Djaka and Bimo were direct choices by President Prabowo Subianto. Djaka currently serves as the principal secretary at the State Intelligence Agency, while Bimo serves as an independent commissioner at Phapros (PEHA). The European Union designated Indonesia as a standard risk country under the anti-deforestation law, which means Indonesian exporters will avoid the strictest compliance checks on goods exported to Europe. The EU's anti-deforestation law will impose due diligence requirements on various exports, including soybeans, beef, palm oil, wood, cocoa, coffee, and chocolate. Bank Indonesia noted that the growth of economic liquidity or broad money supply (M2) in April 2025 slowed to +5.2% YoY (vs. Mar 2025: +6.1% YoY) reaching 9,390 trillion rupiah. Shell Indonesia on Friday (23/5) announced it has reached an agreement to transfer its gas station business in Indonesia to a joint venture owned by Citadel Pacific Ltd. and Sefas Group. This agreement is expected to be finalized in 2026 and does not include Shell Indonesia's lubricant business. Soho Global Health (SOHO) along with its subsidiary, PT Soho Industri Pharmasi, sold its entire ownership (3.27%) stake in PT AstraZeneca Indonesia for 1.84 million US dollars. Sinergi Inti Andalan Prima (INET) announced that Setyanto Hantoro has submitted his resignation letter from his position as President Commissioner of the company on April 11, 2025. This step was taken by Setyanto as he joins BPI Danantara as managing director. Setyanto's resignation will be discussed at the General Meeting of Shareholders on June 12, 2025.",
      "urls": [
        "https://www.bloomberg.com/news/articles/2025-05-22/opec-discusses-making-another-super-sized-output-hike-in-july",
        "https://stockbit.com/post/18407421",
        "https://kumparan.com/kumparanbisnis/sah-bimo-wijayanto-jadi-dirjen-pajak-and-djaka-budi-sebagai-dirjen-bea-cukai-257i27BYYDs/3",
        "https://snips.stockbit.com/snips-terbaru/-rupiah-lanjut-menguat-diproyeksikan-tembus-ke-bawah-16000",
        "https://www.reuters.com/sustainability/climate-energy/eu-brands-just-four-countries-high-risk-under-deforestation-law-2025-05-22/",
        "https://www.bi.go.id/id/publikasi/ruang-media/news-release/Pages/sp_2711525.aspx",
        "https://www.reuters.com/business/energy/shell-indonesia-transfer-gas-station-business-citadel-sefas-jv-2025-05-23/",
        "https://www.idx.co.id/StaticData/NewsAndAnnouncement/ANNOUNCEMENTSTOCK/From_EREP/202505/fd9af5c1a5_fdad2e7fbe.pdf",
        "https://www.idx.co.id/StaticData/NewsAndAnnouncement/ANNOUNCEMENTSTOCK/From_EREP/202505/db869cbb9e_bec93a4862.pdf"
      ],
      "primaryTickers": [
        "PEHA",
        "SOHO",
        "INET"
      ],
      "mentionedTickers": []
    },
    {
      "title": "\"The share price of good fundamental bluechips will follow the company's fundamentals.\"",
      "content": "\"The share price of good fundamental bluechips will follow the company's fundamentals.\" - HannisaFaradillah",
      "urls": [
        "https://stockbit.com/HannisaFaradillah?source=0"
      ],
      "primaryTickers": [],
      "mentionedTickers": []
    }
  ],
  "tickerNews": [
    {
      "title": "BRMS Secures IDR 2 Trillion Credit for Refinancing & Mine Construction",
      "content": "BRMS: Bumi Resources Minerals signed a credit facility of 2 trillion rupiah from the Bank Mega (MEGA) consortium. The facility has a tenure of 12 months with an interest rate of 9.75% per year. This facility will be used to repay an outstanding loan of 75 million US dollars or approximately 1.2 trillion rupiah, to finance the underground gold mine construction development project in Palu, and exploration activities in Gorontalo.",
      "urls": [],
      "primaryTickers": [
        "BRMS"
      ],
      "mentionedTickers": [
        "MEGA"
      ]
    },
    {
      "title": "UNTR Sold 501 Komatsu Heavy Equipment in April 2025",
      "content": "UNTR: United Tractors recorded sales of 501 units of Komatsu brand heavy equipment in April 2025 (+21% MoM, +83% YoY). Cumulatively during 4M25, Komatsu sales reached 1,886 units (+34.7% YoY), equivalent to 41% of the 2025 target of 4,600 units, with market share declining to 26% (vs. 3M25: 24%, 4M24: 29%). From the mining contractor segment, UNTR recorded coal production volume of 42.8 million tons (-2.9% YoY) during 4M25, with overburden removal at 339.1 million bcm (-11.6% YoY).",
      "urls": [
        "https://www.unitedtractors.com/wp-content/uploads/2025/03/UNTR-Monthly-Operational-Update-as-of-Apr-2025.pdf"
      ],
      "primaryTickers": [
        "UNTR"
      ],
      "mentionedTickers": []
    },
    {
      "title": "AMRT Allocates IDR 4.5-5 Trillion Capex for 2025 Growth Target",
      "content": "AMRT: Corporate Secretary of Sumber Alfaria Trijaya, Tomin Widian, stated that the company is allocating capex of around 4.5-5 trillion rupiah (vs. 2024 realization: 5 trillion rupiah) during 2025 to support a revenue growth target of +7% YoY. These funds are designated for the expansion of 1,000 new stores, the extension of permits for 2,700-2,800 stores, and the construction of distribution centers in Palangkaraya and Bengkulu.",
      "urls": [
        "https://epaper.bisnis.com/epaper/detail/page/154805/"
      ],
      "primaryTickers": [
        "AMRT"
      ],
      "mentionedTickers": []
    },
    {
      "title": "TSPC Shareholders Approve 2024 Dividend Distribution",
      "content": "TSPC: Tempo Scan Pacific shareholders approved the plan to distribute dividends for the 2024 fiscal year amounting to approximately 564 billion rupiah, equivalent to a 39% dividend payout ratio (vs. 2023: ~48%). This amount indicates a final dividend of 100 rupiah per share and a final dividend yield of 3.7% as of Friday (23/5). The cum date and payment date have not yet been announced. Previously, TSPC distributed an interim dividend of 25 rupiah per share in December 2024.",
      "urls": [],
      "primaryTickers": [
        "TSPC"
      ],
      "mentionedTickers": []
    },
    {
      "title": "SMGR Shareholders Approve 2024 Dividend Distribution",
      "content": "SMGR: Semen Indonesia shareholders approved the plan to distribute dividends for the 2024 fiscal year amounting to approximately 649 billion rupiah or 96 rupiah per share. This amount is equivalent to a 90% dividend payout ratio (vs. 2023: ~26%) and indicates a dividend yield of 3.5% as of Friday (23/5). The cum date and payment date have not yet been announced.",
      "urls": [],
      "primaryTickers": [
        "SMGR"
      ],
      "mentionedTickers": []
    },
    {
      "title": "MTDL Shareholders Approve 2024 Dividend Distribution",
      "content": "MTDL: Metrodata Electronics shareholders approved the plan to distribute dividends for the 2024 fiscal year amounting to approximately 295 billion rupiah or 24 rupiah per share. This amount is equivalent to a 40% dividend payout ratio (vs. 2023: ~40%) and indicates a dividend yield of 4.1% as of Friday (23/5). The cum date and payment date have not yet been announced.",
      "urls": [
        "https://www.idx.co.id/StaticData/NewsAndAnnouncement/ANNOUNCEMENTSTOCK/From_EREP/202505/dda2ac3fd2_1e6bb21434.pdf"
      ],
      "primaryTickers": [
        "MTDL"
      ],
      "mentionedTickers": []
    },
    {
      "title": "BPI Danantara Conducting Study on Injecting Capital to Garuda Indonesia",
      "content": "GIAA: CEO of BPI Danantara, Rosan Roeslani, stated on Thursday (22/5) that they are still conducting a study regarding the plan to inject capital into Garuda Indonesia. Previously, Bloomberg reported in mid-May 2025 that GIAA was in negotiations with BPI Danantara regarding a capital injection to improve the company's finances.",
      "urls": [
        "https://industri.kontan.co.id/news/soal-rencana-menyuntik-dana-untuk-garuda-indonesia-ini-respons-ceo-danantara",
        "https://snips.stockbit.com/snips-terbaru/ekspor-batu-bara-ri-turun-ditekan-permintaan-china"
      ],
      "primaryTickers": [
        "GIAA"
      ],
      "mentionedTickers": []
    },
    {
      "title": "Platinum Wahab Nusantara Announces Plan for New Controlling Shareholder",
      "content": "TGUK: Platinum Wahab Nusantara announced that the Singaporean holding company, Visionary Capital Global Pte. Ltd., plans to purchase 69.34% of the company's shares currently owned by the controller, PT Dinasti Kreatif Indonesia. The value and settlement time of the transaction are still under negotiation. Following this transaction, Visionary Capital Global Pte. Ltd. will become the new controller of TGUK and will conduct a mandatory tender offer.",
      "urls": [
        "https://www.idx.co.id/StaticData/NewsAndAnnouncement/ANNOUNCEMENTSTOCK/From_EREP/202505/cf85e030c1_b965f70587.pdf"
      ],
      "primaryTickers": [
        "TGUK"
      ],
      "mentionedTickers": []
    },
    {
      "title": "SOHO and Subsidiary Sell AstraZeneca Indonesia Stake",
      "content": "Soho Global Health (SOHO) together with its subsidiary, PT Soho Industri Pharmasi, sold its entire stake (3.27%) in PT AstraZeneca Indonesia for 1.84 million US dollars.",
      "urls": [
        "https://www.idx.co.id/StaticData/NewsAndAnnouncement/ANNOUNCEMENTSTOCK/From_EREP/202505/fd9af5c1a5_fdad2e7fbe.pdf"
      ],
      "primaryTickers": [
        "SOHO"
      ],
      "mentionedTickers": []
    }
  ]
}