{
  "publishDate": "2025-01-10",
  "marketNews": [
    {
      "title": "Car Wholesales -14% YoY in 2024, Motorcycles +1.5% YoY",
      "content": "Gaikindo noted that national car wholesales in December 2024 reached 79,806 units (-6.4% YoY, +6.6% MoM). This result caused national car wholesale sales throughout 2024 to reach 865,723 units (-14% YoY), equivalent to 102% of Gaikindo's 2024 target which had been revised down to 850,000 units. Meanwhile, the Indonesian Motorcycle Industry Association (AISI) noted that domestic motorcycle sales reached 403,480 units (-5.5% YoY, -21.3% MoM) in December 2024. This result brought domestic motorcycle sales throughout 2024 to 6.3 million units (+1.5% YoY), in line with AISI's 2024 target of 6.2-6.5 million units. AISI itself targets domestic motorcycle sales of 6.4-6.7 million units during 2025. Key Takeaway: Although car wholesales are projected to recover to 1 million units in 2025, we assess that investors still need to monitor the impact of car price increases due to the 12% VAT and the implementation of luxury tax surcharges on sales in the initial months of this year. Aside from taxation aspects, the launch of new models is another factor that could influence car sales this year. The presence of more affordable hybrid cars - namely in the range of 300 million rupiah - has the potential to become a positive catalyst for car sales. Meanwhile, we expect motorcycle sales performance in 2025 to still be better than car sales. This is driven by several factors, such as VAT not increasing for the majority of motorcycles sold in Indonesia and government stimulus packages being more targeted towards the lower to middle segments.",
      "urls": [
        "https://www.aisi.or.id/statistic/",
        "https://www.bloombergtechnoz.com/detail-news/59589/cemas-opsen-pajak-gaikindo-tetap-pede-1-juta-kendaraan-di-2025",
        "https://nasional.kontan.co.id/news/banyak-yang-belum-paham-ini-penjelasan-perhitungan-opsen-pajak-kendaraan-bermotor",
        "https://www.bloombergtechnoz.com/detail-news/59789/target-penjualan-motor-2025-bakal-turun-imbas-opsen-pajak",
        "https://snips.stockbit.com/snips-terbaru/-realisasi-apbn-2024-defisit-sesuai-target"
      ],
      "primaryTickers": [],
      "mentionedTickers": [
        "ASII"
      ]
    },
    {
      "title": "Retail Sales in December 2024 Expected to Increase, Coal Production Exceeds Target",
      "content": "Bank Indonesia estimates that retail sales increased by +5.1% MoM and +1% YoY in December 2024, driven by the spare parts and accessories group and the food, beverage, and tobacco group in line with increased public demand ahead of the Christmas and New Year celebrations. Meanwhile, the realization of retail sales in November 2024 grew by +0.9% YoY (vs. October 2024: +1.5% YoY), although it decreased by -0.4% MoM (vs. October 2024: -0.01% MoM) with the majority of groups experiencing contraction due to decreased public demand associated with weather factors hindering public activity. The Ministry of Energy and Mineral Resources noted that Indonesian coal production during 2024 reached 831 million tons (+7.8 YoY), which is +17% higher than the 2024 target. Sales also rose to 811.54 million tons (+8% YoY), which is +8% higher than the 2024 target. The Brent crude oil price for the March 2025 contract strengthened by +2.22% to US$78.6 per barrel on Friday (10/1) and has the potential to post its third consecutive weekly price increase. JPMorgan associates the strengthening of Brent prices with increasing concerns over supply disruptions due to tighter sanctions on Russia and Iran amid low oil inventories, lower temperatures in the US and Europe during winter, and increased sentiment regarding China's stimulus measures. Malaysian Palm Oil Board noted that Malaysian CPO stocks fell by -6.91% MoM to 1.71 million tons in December 2024 due to floods, marking the third consecutive monthly decline and the lowest level since May 2023. Meanwhile, CPO production fell by -8.3% MoM to 1.49 million tons, marking the lowest level since March 2024. Malaysian CPO exports also dropped by -9.97% MoM to 1.34 million tons, marking the lowest level in the last 6 months. Meanwhile, Malaysian CPO consumption jumped by +53% MoM in December 2024 to 309,865 tons. The solar power plant (PLTS) company in the Philippines, Citicore Renewable Energy (PSE: CREC), announced on Friday (10/1) that Pertamina’s subsidiary, PT Pertamina Power Indonesia, will purchase a 20% stake in the company for 6.7 billion Philippine pesos or US$114.8 million. In this transaction, PT Pertamina Power Indonesia will enter through a new share issuance at a price of 3 Philippine pesos per share, lower than Citicore Renewable Energy's share price on the Philippine stock exchange as of Friday (10/1) at 3.49 Philippine pesos per share. The proceeds will be used by Citicore Renewable Energy to develop its new and renewable energy (EBT) project network, where the company targets to have 1 GW of EBT generation capacity per year. MIND ID's Portfolio and Business Development Director, Dilo Seno Widagdo, stated on Thursday (9/1) that the IPO of PT Indonesia Asahan Aluminium (Inalum) has been included in the company's long-term plan (RJPP) for the 2026-2027 period. Dilo mentioned that Inalum's equity story needs to be fixed first before the IPO, considering the company currently as an independent entity only has an aluminum smelter in Kuala Tanjung, North Sumatra with a production capacity of 250,000 tons per year. Kontan reported that the Ministry of Public Works targets private financing support for infrastructure development over the next 5 years to reach 700 trillion rupiah, one of which is through the Public-Private Partnership (KPBU) scheme. This target is higher than the realization in the previous period at 440 trillion rupiah. The Chairman of the Central Executive Board of the Indonesian National Contractors Association, Andi Rukman Nurdin, stated that they are optimistic this target can be achieved as long as security and political stability are maintained, licensing is efficient, and the government can guarantee land acquisition. The subsidiary of First Pacific Company Ltd. owned by conglomerate Anthoni Salim, PacificLight Power Pte. Ltd., won the project to build a hydrogen power plant using combined cycle gas turbine (CCGT) technology with a capacity of 600 MW in Jurong Island, Singapore. The power plant, valued at US$735 million, is scheduled to operate in January 2029.",
      "urls": [
        "https://www.bi.go.id/id/publikasi/ruang-media/news-release/Pages/sp_270525.aspx",
        "https://modi.esdm.go.id/filter?tahun=2024",
        "https://www.reuters.com/business/energy/oil-set-third-straight-weekly-gain-winter-fuel-demand-2025-01-10/",
        "https://www.reuters.com/markets/commodities/malaysia-end-december-palm-oil-stocks-fall-691-mpob-says-2025-01-10/",
        "https://www.reuters.com/markets/deals/indonesias-pertamina-buy-20-stake-philippines-citicore-renewables-115-million-2025-01-10/",
        "https://industri.kontan.co.id/news/mind-id-targetkan-ipo-inalum-digelar-pada-tahun-2026",
        "https://industri.kontan.co.id/news/pemerintah-dorong-swasta-garap-infrastruktur-ini-kata-gapensi?page=1",
        "https://industri.kontan.co.id/news/perusahaan-anthoni-salim-bangun-pembangkit-listrik-hidrogen-rp-11-t-di-singapura"
      ],
      "primaryTickers": [],
      "mentionedTickers": []
    }
  ],
  "tickerNews": [
    {
      "title": "PTRO Reported to Receive Mining Services Contract from INCO worth US$1 Billion",
      "content": "Bloomberg Technoz reported that Vale Indonesia (INCO) will award a mining services contract worth 1 billion US dollars to Prajogo Pangestu's issuer, Petrosea (PTRO). Bloomberg Technoz sources stated that the contract is for the mine in Bahodopi, Central Sulawesi with a duration of 10 years. The contract signing process is reported to have just started and will be completed by March 2025. INCO Investor Relations has confirmed this news to Stockbit.",
      "urls": [
        "https://www.bloombergtechnoz.com/detail-news/59848/ptro-dikabarkan-peroleh-kontrak-jasa-pertambangan-dari-inco/2"
      ],
      "primaryTickers": [
        "PTRO"
      ],
      "mentionedTickers": [
        "INCO"
      ]
    },
    {
      "title": "AKRA projects net profit of IDR 2.4-2.6 trillion for 2025",
      "content": "AKR Corporindo projects a net profit of 2.4-2.6 trillion rupiah during 2025. This target includes the assumption of petroleum and chemical sales volume growth of +5-7% YoY, stable petroleum margins, and land sales of approximately 80-110 hectares.",
      "urls": [],
      "primaryTickers": [
        "AKRA"
      ],
      "mentionedTickers": []
    },
    {
      "title": "EMTK increases its ownership in SCMA to 62.07% after a transaction",
      "content": "Surya Citra Media's controller, Elang Mahkota Teknologi (EMTK), purchased approximately 121.6 million SCMA shares at an average price of 165 rupiah per share on January 2-3, 2025. The total transaction value reached 20.1 billion rupiah. After this transaction, EMTK's ownership in SCMA increased from 61.91% to 62.07%.",
      "urls": [
        "https://www.idx.co.id/StaticData/NewsAndAnnouncement/ANNOUNCEMENTSTOCK/From_EREP/202501/53385e3e79_f9f5e70d55.pdf"
      ],
      "primaryTickers": [
        "SCMA"
      ],
      "mentionedTickers": [
        "EMTK"
      ]
    },
    {
      "title": "ANTM explores new gold mining block acquisitions, domestically and abroad",
      "content": "Aneka Tambang's President Director, Nicolas D. Kanter, stated that his company is exploring the possibility of acquiring new gold mining blocks, including those operating abroad. Nicolas explained that the acquisition plan is because ANTM cannot rely forever on the Pongkor gold mine and purchasing gold from other companies, although he could not comment much regarding the development of this plan. Previously, ANTM's Geomin Unit General Manager, Abdul Bari, in November 2024 also mentioned that the company was reviewing opportunities for gold mine acquisitions domestically and abroad.",
      "urls": [
        "https://market.bisnis.com/read/20250110/192/1830506/bos-antam-antm-bocorkan-rencana-akuisisi-tambang-emas-baru",
        "https://snips.stockbit.com/snips-terbaru/unvr-jual-bisnis-es-krim-rp7-t"
      ],
      "primaryTickers": [
        "ANTM"
      ],
      "mentionedTickers": []
    },
    {
      "title": "Satrijanto Tirtawisata increases his ownership in PANR to 8.66%",
      "content": "Panorama Sentrawisata's Commissioner, Satrijanto Tirtawisata, purchased 11.7 million PANR shares at an average price of 735 rupiah per share on January 3-9, 2025. The total transaction value reached 8.6 billion rupiah. After this transaction, Satrijanto Tirtawisata's ownership in PANR increased from 7.81% to 8.66%.",
      "urls": [
        "https://www.idx.co.id/StaticData/NewsAndAnnouncement/ANNOUNCEMENTSTOCK/From_EREP/202501/0dd72640be_fddf03867c.pdf"
      ],
      "primaryTickers": [
        "PANR"
      ],
      "mentionedTickers": []
    },
    {
      "title": "PT Harimas Tunggal Perkasa increases its ownership in IMPC to 44.99%",
      "content": "Impack Pratama Industri's controller, PT Harimas Tunggal Perkasa, purchased approximately 468.8 million IMPC shares at an average price of 320 rupiah per share on January 7, 2025. The total transaction value reached 150 billion rupiah. After this transaction, PT Harimas Tunggal Perkasa's ownership in IMPC increased from 44.13% to 44.99%.",
      "urls": [
        "https://www.idx.co.id/StaticData/NewsAndAnnouncement/ANNOUNCEMENTSTOCK/From_EREP/202501/9350211f2b_142065fb58.pdf"
      ],
      "primaryTickers": [
        "IMPC"
      ],
      "mentionedTickers": []
    },
    {
      "title": "INPP divests 36.7% stake in PT Narpati Arjaya Properti for IDR 652.7 Billion",
      "content": "Indonesian Paradise Property (INPP) announced the sale of a 36.7% stake in PT Narpati Arjaya Properti to Hankyu Hanshin Properties ID-BWC LLC. The total transaction value reached approximately 652.7 billion rupiah, with the funds obtained intended for working capital and/or business development. After this transaction, INPP's ownership in PT Narpati Arjaya Properti decreased from 91.9% to 55.2%. PT Narpati Arjaya Properti itself is a subsidiary of INPP that owns Beachwalk Shopping Centre Bali and Sheraton Bali Kuta Resort.",
      "urls": [
        "https://www.idx.co.id/StaticData/NewsAndAnnouncement/ANNOUNCEMENTSTOCK/From_EREP/202501/4073396218_517b3c02a0.pdf",
        "https://www.idx.co.id/StaticData/NewsAndAnnouncement/ANNOUNCEMENTSTOCK/From_EREP/202404/d54e58b0a3_18d73dcb42.pdf"
      ],
      "primaryTickers": [
        "INPP"
      ],
      "mentionedTickers": []
    }
  ]
}