{
  "publishDate": "2025-06-20",
  "marketNews": [
    {
      "title": "Iran Israel Conflict Heats Up with Increasing Global Risks",
      "content": "Wall Street Journal reported that US President, Donald Trump, informed his senior officials on Tuesday (17/6) that he approved plans for an attack against Iran, although the plan is still postponed pending whether the Iranian government stops its nuclear program. When asked by reporters on Wednesday (18/6) whether he had decided to attack Iran's nuclear facilities, Trump said he has not made a final decision on the matter. Trump also urged Iran again to surrender unconditionally. On Wednesday (18/6), Iran's Supreme Leader, Ayatollah Ali Khamenei, stated that his country would not surrender and warned that US military intervention would bring irreparable consequences. Indonesia, as a country with an open economy, needs to monitor the economic impact and encourage peaceful resolution to maintain global stability. - klinikporto",
      "urls": [
        "https://www.wsj.com/livecoverage/iran-israel-conflict-news",
        "https://stockbit.com/klinikporto"
      ],
      "primaryTickers": [],
      "mentionedTickers": []
    },
    {
      "title": "Other hot news you need to know...",
      "content": "1. The US central bank, The Fed, on Wednesday (18/6) local time decided to maintain interest rates at the 4.25-4.5% level, in line with consensus expectations, due to uncertainty caused by US tariffs. The Fed still projects US interest rates will fall by 50 bps by the end of 2025, indicating 2 cuts assuming each cut is 25 bps. Although this projection is unchanged from the previous one released in December 2024 and March 2025, the dot plot in the latest projection shows a split vote among Fed members. 2. Bloomberg reported that a group of Indonesian HPAL smelters could experience margin shrinkage due to soaring sulfur prices, which are a key raw material for producing mixed-hydroxide precipitate (MHP). Sulfur prices have more than tripled over the past year, driven by increased demand. According to an analyst at the metal information provider platform SMM Information & Technology Co., Luigi Fan, the surge in sulfur prices will require HPAL smelters to pay approximately 2,500 US dollars more than last year to produce each ton of MHP. Currently, the average cost to produce 1 ton of MHP is about 11,000 US dollars. To produce 1 ton of MHP, producers require 12 tons of sulfur raw material. 3. Palm oil refineries in India canceled orders totaling 65,000 tons of CPO for July-September 2025 shipments due to a sudden surge in the Malaysian benchmark price, according to 4 anonymous sources to Reuters. Nevertheless, the CEO of vegetable oil brokerage firm Sunvin Group, Sandeep Bajoria, estimates that Indian CPO imports will still increase in the coming months, driven by lower inventory due to low import realization in recent months. Indian CPO imports reached a 6-month high in May 2025, driven by low inventory and CPO price discounts compared to soybean oil and sunflower oil. 4. COO of BPI Danantara, Dony Oskaria, said on Wednesday (18/6) that Danantara currently has the authority to inject capital into SOEs, meaning there will no longer be a state capital injection (PMN) mechanism from the government to SOEs. In providing capital injections, Dony explained that Danantara will assess the business plan of the relevant SOE, including forecasting from its industry. 5. Antara reported that the Ministry of Environment and Forestry will impose administrative sanctions on PT Indonesia Morowali Industrial Park (IMIP) in Morowali Regency, Central Sulawesi, for finding violations of environmental regulations within the industrial area. Minister of Environment and Forestry, Hanif Faisol Nurofiq, stated on Wednesday (18/6) that surveillance results showed several facilities were not covered in IMIP's Environmental Impact Analysis (amdal) document. In addition, environmental supervisors found a land clearing of approximately 179 hectares bordering the IMIP area directly. The IMIP industrial area itself stands on 2,000 hectares of land, and currently serves as a center for large industrial activities with 28 companies in operation and 14 companies under construction.",
      "urls": [
        "https://www.federalreserve.gov/monetarypolicy/fomcprojtabl20250618.htm",
        "https://www.bloomberg.com/news/articles/2025-06-19/the-world-s-most-proftitable-nickel-plants-face-cost-challenge",
        "https://www.reuters.com/business/energy/indian-refiners-cancel-palm-oil-orders-july-sept-prices-surge-2025-06-18/",
        "https://www.antaranews.com/berita/4907745/danantara-miliki-wewenang-suntik-modal-ke-bumn-gantikan-pmn",
        "https://www.antaranews.com/berita/4907937/langgar-aturan-lingkungan-klh-akan-sanksi-pt-imip-di-morowali"
      ],
      "primaryTickers": [],
      "mentionedTickers": []
    }
  ],
  "tickerNews": [
    {
      "title": "CDIA Subsidiary of TPIA Announces IPO with Valuation of IDR 21-24 Trillion",
      "content": "Chandra Asri Pacific’s ($TPIA) subsidiary, Chandra Daya Investasi ($CDIA), announced it will conduct an IPO by offering up to 12.5 billion (10%) new shares at a price range of 170-190 per share. This implies a target fund acquisition of around 2.1-2.4 trillion rupiah, with a market cap of approximately 21-24 trillion rupiah. CDIA is a subsidiary of TPIA engaged in infrastructure holding in the energy, water, port and storage, and logistics sectors. Currently, the company along with its subsidiaries and associated entities has the following asset coverage: 1. Gas-fired steam power plants (PLTGU) with a capacity of 120 MW and a PLTGU of 200 MW through a joint venture with PT Krakatau Posco, where KCE holds 45%. 2. Krenceng water treatment plant with a capacity of 1,800 liters per second. 3. 72 tanks with a capacity of 130 thousand cubic meters. 4. 7 chemical and gas carrier ships with a capacity of 5,000-8,600 DWT. Shareholder Structure After the IPO, CDIA shareholders will consist of TPIA (60%), Phoenix Power/EGCO Group Thailand (30%), and the public (10%). Valuation After the IPO, CDIA will have a valuation of approximately 42.5-47.5x P/E 2024 and PBV 1.7-1.8x, based on financial reports as of 2024. Financial Performance During 2024, CDIA recorded revenue of US$102.3 million, with a net profit of US$30.6 million. Performance during 2024 increased compared to revenue and net profit for the period of February 8-December 31, 2023, which were US$75.8 million and US$0.18 million, respectively. Use of IPO Funds: 1. 37% for capital contribution to subsidiaries in the logistics business pillar, namely PT Chandra Shipping International and PT Marina Indah Maritim, for ship purchases and operational financing. 2. 63% for capital contribution to subsidiaries in the port and storage business pillar, namely PT Chandra Cilegon Port, for the construction of storage tanks, ethylene pipelines, and other supporting facilities. Key Takeaway When compared to the IPO valuations of CUAN and BREN at the time of IPO, CDIA's P/E IPO valuation is lower than BREN's, although not as low as CUAN's. Meanwhile, based on P/BV, CDIA's IPO valuation is the lowest among the three. From a balance sheet perspective, CDIA has a relatively low gearing (net debt/equity) at the time of IPO. We assess that this ample balance sheet has the potential to drive CDIA's future growth, through organic and inorganic expansion (acquisitions).",
      "urls": [
        "https://e-ipo.co.id/id/pipeline/get-prospectus-file?id=336&type="
      ],
      "primaryTickers": [
        "CDIA"
      ],
      "mentionedTickers": [
        "TPIA"
      ]
    },
    {
      "title": "BUMI Plans to Acquire Copper and Gold Mines",
      "content": "BUMI Resources plans to issue bonds of up to 350 billion rupiah. The funds obtained from the bonds are intended to partially finance the planned acquisition of Wolfram Limited, a copper and gold mining company in Australia. BUMI's bonds have received an idA+ rating from Pefindo.",
      "urls": [
        "https://www.idx.co.id/StaticData/NewsAndAnnouncement/ANNOUNCEMENTSTOCK/From_EREP/202506/a2e3da99c5_bb1137098a.pdf"
      ],
      "primaryTickers": [
        "BUMI"
      ],
      "mentionedTickers": []
    },
    {
      "title": "Grab-GoTo Merger Talks Face Indonesian Regulatory Hurdles",
      "content": "Grab Holdings Ltd.'s (Nasdaq: GRAB) plan to acquire GoTo Gojek Tokopedia faces regulatory hurdles, according to 3 anonymous sources to Reuters. The sources stated that Grab and GOTO currently need more time to agree on the merger deal after the Indonesian government proposed several requirements for the plan to proceed. The Indonesian government is reportedly examining how the potential merger of Grab and GOTO will impact worker welfare and market competition in Indonesia.",
      "urls": [
        "https://www.reuters.com/sustainability/boards-policy-regulation/grab-goto-merger-talks-face-indonesian-regulatory-hurdles-sources-say-2025-06-19/"
      ],
      "primaryTickers": [
        "GOTO"
      ],
      "mentionedTickers": []
    },
    {
      "title": "Blue Bird (BIRD) shareholders approve 2024 dividend payout of IDR 120 per share",
      "content": "Blue Bird shareholders approved the plan to distribute dividends for the 2024 fiscal year amounting to 300.25 billion rupiah or 120 rupiah per share. This amount is equivalent to a ~51.3% dividend payout ratio (vs. 2023: 50.3%) and indicates a dividend yield of ~6.3% as of Thursday (19/6). The cum date and payment date have not yet been announced.",
      "urls": [
        "https://market.bisnis.com/read/20250619/192/1886485/blue-bird-bird-siap-tebar-dividen-rp120-per-saham"
      ],
      "primaryTickers": [
        "BIRD"
      ],
      "mentionedTickers": []
    },
    {
      "title": "Merck to distribute 2024 book year dividend of approximately IDR 170 per share",
      "content": "Merck will distribute dividends for the 2024 fiscal year amounting to approximately 76.2 billion rupiah or 170 rupiah per share. This amount is equivalent to a 50% dividend payout ratio (vs. 2023: 80%) and indicates a dividend yield of ~5% as of Thursday (19/6). The cum date in the regular and negotiation market is June 24, 2025, while the payment date is July 15, 2025.",
      "urls": [
        "https://www.idx.co.id/StaticData/NewsAndAnnouncement/ANNOUNCEMENTSTOCK/From_EREP/202506/c62f9c6c34_9845a0bc07.pdf"
      ],
      "primaryTickers": [
        "MERK"
      ],
      "mentionedTickers": []
    },
    {
      "title": "Mitra Pack (PTMP) targets up to 30% revenue growth in 2025",
      "content": "The President Director of Mitra Pack, Ardi Kusuma, stated that the company targets sales growth of approximately +20-30% YoY during 2025, with net profit targeted to grow by at least +15% YoY. Ardi stated that the company will try to strengthen its position as a key player in providing innovative and environmentally friendly packaging solutions, and strive to expand its distribution network to meet the needs of the constantly growing market.",
      "urls": [
        "https://industri.kontan.co.id/news/mitra-pack-ptmp-targetkan-kenaikan-pendapatan-hingga-30-pada-tahun-2025"
      ],
      "primaryTickers": [
        "PTMP"
      ],
      "mentionedTickers": []
    },
    {
      "title": "Tempo Inti Media (TMPO) Subsidiary Establishes Film Company Pal8 Pictures",
      "content": "Tempo Inti Media announced that its subsidiary, PT Dimensi Idea Kreatif, established a company named Pal8 Pictures which will operate in the film sector. The company was established together with PT Putri Bakti, with PT Dimensi Idea Kreatif owning 60% stake in Pal8 Pictures. The establishment of this company is aimed at business development in the creative industry sector, where Pal8 Pictures will produce a number of films inspired by Tempo's journalistic content and the company's digital channels.",
      "urls": [
        "https://www.idx.co.id/StaticData/NewsAndAnnouncement/ANNOUNCEMENTSTOCK/From_EREP/202506/7a245d1309_63866ef484.pdf"
      ],
      "primaryTickers": [
        "TMPO"
      ],
      "mentionedTickers": []
    },
    {
      "title": "Wilmar Cahaya Indonesia (CEKA) Clarifies No Legal Link to Wilmar Group Bailout News",
      "content": "Wilmar Cahaya Indonesia stated in a clarification to the IDX that the company has no connection and/or legal relationship regarding the news of the submission of a guarantee money amounting to 11.8 trillion rupiah by Wilmar Group to the Attorney General's Office, given that the news did not mention the company's name.",
      "urls": [
        "https://www.idx.co.id/StaticData/NewsAndAnnouncement/ANNOUNCEMENTSTOCK/From_EREP/202506/15f257d6eb_e09b4d4897.pdf"
      ],
      "primaryTickers": [
        "CEKA"
      ],
      "mentionedTickers": []
    }
  ]
}