{
  "publishDate": "2025-09-04",
  "marketNews": [
    {
      "title": "BI Projects Indonesian Economy to Grow +5.3% in 2026",
      "content": "Bank Indonesia Governor, Perry Warjiyo, stated that Bank Indonesia projects Indonesian economic growth in 2026 to be around +4.7-5.5% YoY, with a tendency to be at the +5.3% YoY level, in line with the decrease in interest rates. This projection is higher compared to Bank Indonesia's projection for Indonesian economic growth in 2025, which is at the +5.1% YoY level. When compared with other institutions, Bank Indonesia's projection for 2026 is lower than the government's target in the 2026 Draft State Budget (RAPBN) at the +5.4% YoY level, but higher than the Bloomberg consensus survey in August 2025 at +4.9% YoY and the IMF projection in July 2025 at +4.8% YoY. In line with this economic growth projection, Perry stated that the bank expects commercial bank credit growth to be in the range of +9-12% YoY in 2026, higher than the projection of +8-11% YoY this year. The economic growth projection for 2026 is based on monetary and fiscal policy directions: 1. Monetary Policy - Perry mentioned that Bank Indonesia continues to look for room to cut interest rates further considering low inflation, a stable rupiah, and the need to boost economic growth. The Bloomberg consensus also expects a further cut of 25 bps to the BI Rate to 4.75% by the end of 2025 and an additional cut of 25 bps throughout 2026. 2. Fiscal Policy - Based on the 2026 Draft State Budget, consumption and investment are expected to be drivers of economic growth, with consumption projected to grow +5.2% YoY (vs. 2025 APBN outlook: +4.7-5% YoY) and investment expected to grow +5.2% YoY (vs. 2025 APBN outlook: +4.5-4.7% YoY). Priority programs in the 2026 Draft State Budget focus on supporting purchasing power, which includes the Free Nutritious Meal program, Red and White Village Cooperatives, as well as food and energy resilience. To support government program financing, Bank Indonesia has signed a new burden sharing agreement with the government, although there are no details yet on how long this scheme will last and how much of the government bonds will be covered by Bank Indonesia. Meanwhile, investment is expected to be boosted by the presence of Danantara. To support spending, the 2026 Draft State Budget targets state revenue to increase by +9.8% YoY, supported by a +13% YoY increase in tax receipts. Finance Minister, Sri Mulyani, affirmed that the government will not impose new taxes or increase tax rates in 2026, but will instead encourage improvements in taxpayer compliance. Key Takeaway: The success of the government in boosting economic growth again has the potential to be a key factor in the significant return of foreign investor inflows to the IHSG. Since the beginning of this year, the IHSG has recorded a net foreign outflow of about 55 trillion rupiah as of Thursday (4/9).",
      "urls": [
        "https://epaper.bisnis.com/epaper/detail/page/159745/",
        "https://snips.stockbit.com/snips-terbaru/-untr-1h25-earnings-call-revisi-turun-guidance-volume-overburden",
        "https://snips.stockbit.com/snips-terbaru/bbca-1h25-laba-bersih-8-yoy-naikkan-guidance-coc",
        "https://snips.stockbit.com/snips-terbaru/-pani-berencana-rights-issue-untuk-tambah-kepemilikan-di-cbdk",
        "https://snips.stockbit.com/snips-terbaru/-pani-berencana-rights-issue-untuk-tambah-kepemilikan-di-cbdk",
        "https://snips.stockbit.com/snips-terbaru/-rapbn-2026-ekonomi-ditarget-54-via-8-program-prioritas",
        "https://snips.stockbit.com/snips-terbaru/-pani-berencana-rights-issue-untuk-tambah-kepemilikan-di-cbdk"
      ],
      "primaryTickers": [],
      "mentionedTickers": []
    },
    {
      "title": "US President Donald Trump says he will appeal reciprocal tariff dispute to Supreme Court",
      "content": "US President, Donald Trump, stated that he will soon appeal the reciprocal tariff dispute to the Supreme Court as early as Wednesday (3/9) local time. Trump's statement came after the US Federal High Court on Friday (29/8) last week ruled that reciprocal tariffs were a violation of Trump's emergency power use as president. Nevertheless, the US Federal High Court did not annul the implementation of Trump's reciprocal tariffs, where these tariffs will remain in effect until at least October 14, 2025, to give the US government time to appeal to the Supreme Court. As context, 6 out of 9 judges in the US Supreme Court are currently appointed by the Republican Party, so Trump still has a chance to maintain his reciprocal tariff policy.",
      "urls": [
        "https://www.bbc.com/news/articles/cy983g8jr5do",
        "https://www.reuters.com/legal/government/trump-ask-supreme-court-save-tariffs-faces-tough-legal-questions-2025-09-03/"
      ],
      "primaryTickers": [],
      "mentionedTickers": []
    },
    {
      "title": "US Labor Statistics Bureau report on job openings and layoffs for July and June 2025",
      "content": "The US labor statistics bureau noted that job vacancies in the US in July 2025 decreased by 176,000 to 7.18 million, marking the lowest level since September 2024 and far below the consensus expectation of 7.4 million. Furthermore, the number of job vacancies in June 2025 was revised down by 80,000 compared to the previous estimate to 7.36 million. The US labor statistics bureau also revised up the number of people laid off in June 2025 by 192,000 compared to the previous estimate to approximately 1.8 million.",
      "urls": [
        "https://www.bls.gov/news.release/pdf/jolts.pdf"
      ],
      "primaryTickers": [],
      "mentionedTickers": []
    },
    {
      "title": "Bloomberg Survey on Malaysian Palm Oil Stock, Production, and Exports for August 2025",
      "content": "A survey from Bloomberg estimates that palm oil stocks in Malaysia increased by +2.8% MoM in August 2025 to 2.17 million tons, marking the highest level since December 2023 and continuing the monthly upward trend for the last 6 months. Meanwhile, crude palm oil production in Malaysia in August 2025 is estimated to increase by +2.2% MoM to 1.85 million tons, marking the highest level in the last 1 year, while exports are expected to surge by +11% MoM to 1.45 million tons. Increased palm oil supply in Malaysia could weigh down the benchmark CPO futures price, especially during the current high production cycle which usually peaks in October.",
      "urls": [],
      "primaryTickers": [],
      "mentionedTickers": []
    },
    {
      "title": "Attorney General names Nadiem Makarim as suspect in Chromebook corruption case",
      "content": "Kompas reported that the Attorney General's Office on Thursday (4/9) named the former Minister of Education, Culture, Research, and Technology, Nadiem Makarim, as a suspect in the alleged corruption case regarding the procurement of Chromebook-based laptops. Head of the Legal Information Center of the Attorney General's Office, Anang Supriatna, stated that Nadiem was named a suspect after his team examined approximately 120 witnesses and 4 experts in this case.",
      "urls": [
        "https://nasional.kompas.com/read/2025/09/04/15491251/kejagung-tetapkan-nadiem-makarim-tersangka-kasus-korupsi-chromebook"
      ],
      "primaryTickers": [],
      "mentionedTickers": []
    },
    {
      "title": "Value Investor's Art: Cheap Can Be Cheap: How to Choose Stocks ala Value Investor",
      "content": "\"If you don't really understand, it's better to skip—because in the future there are many things we cannot predict due to ignorance.\" - mc889",
      "urls": [
        "https://stockbit.com/mc889"
      ],
      "primaryTickers": [],
      "mentionedTickers": []
    }
  ],
  "tickerNews": [
    {
      "title": "$OASA plans Private Placement for Waste Processing Project",
      "content": "OASA: Maharaksa Biru Energi plans to conduct a private placement of approximately 634.7 million shares (10%), with the execution price and potential investors yet to be announced. Proceeds from this corporate action are intended for business development, and this plan will be discussed at the EGM on September 8, 2025. OASA stated that part of the private placement proceeds will be allocated to the development of a waste-to-energy project in South Tangerang, which will be carried out by a joint venture between the company's business entity and China Tianying Inc. OASA's business entity will hold a 76% stake in the joint venture. OASA explained that this project has a capacity of 19.6 MW with an investment value of 2.65 trillion rupiah, where the resulting electricity will be sold to PLN through a cooperation agreement with a term of 27 years.",
      "urls": [
        "https://www.idx.co.id/StaticData/NewsAndAnnouncement/ANNOUNCEMENTSTOCK/From_EREP/202509/854465ea2d_2ca86ab624.pdf",
        "https://www.idx.co.id/StaticData/NewsAndAnnouncement/ANNOUNCEMENTSTOCK/From_EREP/202509/feb18703ed_eb52f6ebd7.pdf"
      ],
      "primaryTickers": [
        "OASA"
      ],
      "mentionedTickers": []
    },
    {
      "title": "$ARCI targets 10x Net Profit Growth in 2025 due to Rising Gold Prices and Sales Volume, creating room for Dividends in 2026",
      "content": "ARCI: Archi Indonesia President Director, Rudy Suhendra, stated that the company has the potential to record a tenfold increase in net profit to around 100 million US dollars in 2025, driven by rising gold prices and sales volume. Rudy added that the prospect of significant net profit growth opens room for the company to distribute dividends to shareholders, where ARCI targets distributing dividends from its 2026 performance. Rudy explained that ARCI can at least boost its gold production and/or sales volume by approximately +25% YoY by the end of 2025. During 1H25, ARCI recorded an increase in gold sales volume of +5% YoY to 49,200 troy ounces, with the average selling price increasing by +41% YoY to 3,128 US dollars per troy ounce.",
      "urls": [
        "https://market.bisnis.com/read/20250904/192/1908428/emiten-emas-arci-bidik-laba-naik-10-kali-ada-peluang-dividen"
      ],
      "primaryTickers": [
        "ARCI"
      ],
      "mentionedTickers": []
    },
    {
      "title": "$PTRO denies synergy rumors with $CBRE through subsidiary Hafar group",
      "content": "PTRO: Petrosea, in a clarification to the IDX, denied rumors that the company, through its subsidiary, the Hafar group, would synergize with Cakra Buana Resources Energi ($CBRE). Previously, Emitennews reported that the synergy between CBRE and the Hafar Offshore business group would strengthen following CBRE's plan to acquire a pipe-laying & lifting vessel.",
      "urls": [
        "https://www.idx.co.id/StaticData/NewsAndAnnouncement/ANNOUNCEMENTSTOCK/From_EREP/202509/56a14dbc83_d8b300fa1b.pdf",
        "https://emitennews.com/news/langkah-baru-hapsoro-dan-prajogo-pangestu-di-cbre"
      ],
      "primaryTickers": [
        "PTRO"
      ],
      "mentionedTickers": [
        "CBRE"
      ]
    },
    {
      "title": "$BRPT denies rumors of Prajogo Pangestu acquiring $BUVA",
      "content": "BRPT: Barito Pacific, in a clarification through a press release, denied rumors that Prajogo Pangestu and/or companies under his control would acquire Bukit Uluwatu Villa ($BUVA). BRPT explained that the company is currently not in discussions to acquire BUVA and urges the public to be cautious in interpreting baseless rumors that do not originate from official sources.",
      "urls": [
        "https://barito-pacific.com/newsroom/clarification-on-baseless-rumors"
      ],
      "primaryTickers": [
        "BRPT"
      ],
      "mentionedTickers": [
        "BUVA"
      ]
    },
    {
      "title": "$MEDC Announces Share Buyback Program up to 407 Million Shares until December 2025, plus another ongoing buyback program",
      "content": "MEDC: Medco Energi Internasional announced a plan to buy back up to 407 million (1.62%) shares with a fund allocation of up to 815 billion rupiah during the period of September 8, 2025 - December 8, 2025. This buyback is a continuation of the previously announced buyback for the period March 26 - June 25, 2025, following the relaxation of buyback rules provided by the OJK to support capital market stability. In addition to this buyback, MEDC is also in the period of buying back up to 240 million (0.95%) shares with a fund allocation of up to 408 billion rupiah for the period June 4, 2025 - June 3, 2026, where this plan was approved at the EGM in June 2025. Both corporate actions imply a maximum fund allocation for MEDC share buybacks reaching approximately 1.2 trillion rupiah.",
      "urls": [
        "https://www.idx.co.id/StaticData/NewsAndAnnouncement/ANNOUNCEMENTSTOCK/From_EREP/202509/6faf6f28e7_63fcaeebdb.pdf",
        "https://www.idx.co.id/StaticData/NewsAndAnnouncement/ANNOUNCEMENTSTOCK/From_EREP/202504/2bcb8e0ab0_5e2e54eb15.pdf"
      ],
      "primaryTickers": [
        "MEDC"
      ],
      "mentionedTickers": []
    },
    {
      "title": "$TOWR plans Share Buyback up to 296 Million Shares until December 2025",
      "content": "TOWR: Sarana Menara Nusantara plans to conduct a share buyback of up to 296 million (~0.5%) shares with a fund allocation of up to 200 billion rupiah in the period of September 4 - December 3, 2025. This plan does not require EGM approval, following the relaxation provided by the OJK to support capital market stability.",
      "urls": [
        "https://www.idx.co.id/StaticData/NewsAndAnnouncement/ANNOUNCEMENTSTOCK/From_EREP/202509/415e46f71e_fddb12dd4f.pdf"
      ],
      "primaryTickers": [
        "TOWR"
      ],
      "mentionedTickers": []
    },
    {
      "title": "$AMMN Commissioner Alexander Ramlie purchased ~230 million shares",
      "content": "AMMN: Amman Mineral Internasional Commissioner, Alexander Ramlie, purchased approximately 230 million AMMN shares at an average price of 8,070 rupiah per share on August 28 - September 1, 2025. The total transaction value reached approximately 1.9 trillion rupiah and was intended for the purpose of rearranging share collateral. After this transaction, Alexander Ramlie's ownership in AMMN increased from 0.145% to 0.462%. Previously, Alexander Ramlie sold approximately 283 million AMMN shares with a transaction value reaching approximately 2.3 trillion rupiah on August 26, 2025.",
      "urls": [
        "https://www.idx.co.id/StaticData/NewsAndAnnouncement/ANNOUNCEMENTSTOCK/From_EREP/202509/48c1639f7e_4f888c8a40.pdf",
        "https://snips.stockbit.com/snips-terbaru/-sp500-cetak-ath-seiring-revisi-naik-pdb-as"
      ],
      "primaryTickers": [
        "AMMN"
      ],
      "mentionedTickers": []
    },
    {
      "title": "$BNBR subsidiary plans to acquire 90% stake in PT Cimanggis Cibitung Tollways for 3.6 trillion rupiah, secured by a loan from Alpha Dhabi Holding PJSC subsidiary",
      "content": "BNBR: Bakrie & Brothers, through its subsidiary, PT Bakrie Toll Indonesia, plans to acquire a 90% stake in PT Cimanggis Cibitung Tollways worth a total of 3.6 trillion rupiah from PT Waskita Toll Road and PT Sarana Multi Infrastruktur. The acquisition plan includes 90% of the shares valued at 1 trillion rupiah and receivables from PT Waskita Toll Road and PT Sarana Multi Infrastruktur to PT Cimanggis Cibitung Tollways valued at 2.6 trillion rupiah. In connection with this transaction, PT Bakrie Toll Indonesia will sign a loan facility agreement worth approximately 5.1 trillion rupiah or equivalent to 312 million US dollars with ADH Jackpot SPV Limited, a subsidiary of Alpha Dhabi Holding PJSC (ADX: ALPHADHABI). This loan has an interest rate of up to 20% per year, with a tenor of 5 years which can be extended by 2 years. The loan will be used by PT Bakrie Toll Indonesia to provide bridging loans, convertible shareholder loans, and operational shareholder loans to PT Cimanggis Cibitung Tollways.",
      "urls": [
        "https://www.idx.co.id/StaticData/NewsAndAnnouncement/ANNOUNCEMENTSTOCK/From_EREP/202509/a78943e1de_3aede43591.pdf",
        "https://portalvhds1fxb0jchzgjph.blob.core.windows.net/press-releases-attachments./3917595/Alpha_Dhabi_Holding_PJSC_Announcements.pdf"
      ],
      "primaryTickers": [
        "BNBR"
      ],
      "mentionedTickers": [
        "WSKT"
      ]
    }
  ]
}