{
  "publishDate": "2025-03-20",
  "marketNews": [
    {
      "title": "Compilation of Share Purchases by Controllers and Directors Amidst IHSG Volatility",
      "content": "A number of company controllers and directors conducted share purchase activities amidst the volatility of the IHSG over the past week. These purchases were mainly made after the IHSG experienced a significant decline, leading the BEI to temporarily implement a trading halt on Tuesday (18/3). Below is a compilation of these purchases:",
      "urls": [
        "https://snips.stockbit.com/snips-terbaru/-bei-terapkan-trading-halt-pertama-kali-sejak-akhir-2020"
      ],
      "primaryTickers": [],
      "mentionedTickers": []
    },
    {
      "title": "Key Takeaway",
      "content": "The purchase actions above may indicate confidence from controllers/directors in their respective company fundamentals/value. Although these purchases can foster optimism among some market players and provide support for the IHSG, we assess that an increase in investor confidence - especially foreign investors - is needed for a more significant IHSG recovery.",
      "urls": [
        "https://snips.stockbit.com/snips-terbaru/bi-tahan-suku-bunga-sesuai-ekspektasi"
      ],
      "primaryTickers": [],
      "mentionedTickers": []
    },
    {
      "title": "US Central Bank Holds Interest Rates",
      "content": "The US central bank, The Fed, held its benchmark interest rate, the Fed Funds Rate, at the level of 4.25%-4.5% on Wednesday (19/3) local time. Fed Governor Jerome Powell stated that this decision was made amid economic uncertainty and the potential for rising inflation and unemployment rates in line with new government policies, including the imposition of import tariffs. The Fed maintained its projection of 2 rate cuts until the end of 2025, unchanged from the projection announced in December 2024. Nevertheless, the Fed now projects US economic growth to be at 1.7% throughout 2025, down from the previous projection of 2.1%. Meanwhile, inflation during 2025 is projected higher at 2.7%, compared to the previous projection of 2.5%.",
      "urls": [
        "https://www.reuters.com/markets/us/with-interest-rates-hold-feds-economic-projections-take-center-stage-2025-03-19/"
      ],
      "primaryTickers": [],
      "mentionedTickers": []
    },
    {
      "title": "Gold Price Movement Post-FOMC",
      "content": "The spot gold price rose +0.5% to the level of 3,047.8 US dollars per troy ounce in trading on Wednesday (19/3) night following the Fed's FOMC meeting. The price then briefly increased to the level of 3,057.2 US dollars per troy ounce on Thursday (20/3), marking an all-time high.",
      "urls": [
        "https://www.reuters.com/markets/commodities/gold-hovers-near-record-high-safe-haven-demand-fed-decision-focus-2025-03-19/",
        "https://www.reuters.com/markets/commodities/gold-climbs-record-high-fed-signals-two-rate-cuts-2025-2025-03-20/"
      ],
      "primaryTickers": [],
      "mentionedTickers": []
    },
    {
      "title": "President Prabowo Set to Meet Capital Market Players",
      "content": "Head of the National Economic Council (DEN), Luhut Binsar Pandjaitan, stated that President Prabowo Subianto will meet with Indonesian capital market players in the near future. This follows the implementation of a 30-minute trading halt near the end of session 1 trading on Tuesday (18/3) due to a daily decline exceeding -5%. Luhut assessed the drop in the IHSG as something common in a country's stock exchange, where other countries also experience similar events at different times.",
      "urls": [
        "https://www.bloombergtechnoz.com/detail-news/66286/presiden-prabowo-akan-temui-pelaku-pasar-usai-trading-halt-ihsg"
      ],
      "primaryTickers": [],
      "mentionedTickers": []
    },
    {
      "title": "Saratoga Group Forms Data Center Joint Venture with Digital Realty",
      "content": "Bersama Digital Infrastructure Asia (BDIA) formed a joint venture (JV) company with the global data center company, Digital Realty. The JV is named Digital Realty Bersama and is equally owned (50% : 50%). BDIA's subsidiary, Bersama Digital Data Centres, will be merged into the JV. The majority shareholders of BDDC are Provident Capital Partners, Saratoga Investama Sedaya ($SRTG), a consortium led by Macquarie Asset Management, and Distro Hub. Vice President Commissioner of Digital Realty Bersama, Setyanto Hantoro, stated that they currently own two data centers with a capacity of 6.5 MW in CGK 10 and CGK 11, with capacities of 1.5 MW and 5 MW, respectively. Digital Realty Bersama plans to increase capacity in CGK 11 up to 32 MW.",
      "urls": [
        "https://industri.kontan.co.id/news/grup-saratoga-ekspansi-data-center-bentuk-jv-digital-realty-bersama"
      ],
      "primaryTickers": [
        "SRTG"
      ],
      "mentionedTickers": []
    },
    {
      "title": "People's Bank of China Holds Benchmark Lending Rates Steady",
      "content": "The Chinese central bank, People Bank of China (PBoC), maintained its 1-year and 5-year tenor benchmark lending rates at 3.1% and 3.6%, respectively, in line with expectations. The market anticipates that the pressured yuan will be a major obstacle for Beijing in its efforts to implement monetary easing. Previously, the PBoC stated last week that it would cut interest rates and ease the minimum reserve requirement ratio at an appropriate time.",
      "urls": [
        "https://www.reuters.com/world/china/china-holds-benchmark-lending-rates-steady-expected-2025-03-20/"
      ],
      "primaryTickers": [],
      "mentionedTickers": []
    },
    {
      "title": "Housing Minister Announces Stimulus for Low-Income Housing (MBR)",
      "content": "Minister of Housing and Settlement Areas, Maruarar Sirait (Ara), mentioned receiving an order from President Prabowo Subianto to accelerate the provision of housing for low-income communities (MBR) through the socialization of a number of policies. One of these incentives includes the abolition of Land and Building Rights Acquisition Fee (BPHTB) from 5% to 0%. In addition, the government also waives the Building Approval Levy (PBG) to simplify building permit processing, and the Value Added Tax (PPN) stimulus will be borne by the state until June 2025. On the same occasion, Ara conveyed that subsidized housing that has been built and distributed has reached more than 130,000 units as of March 2025.",
      "urls": [
        "https://katadata.co.id/berita/nasional/67db879d43b4c/prabowo-siapkan-stimulus-rumah-mbr-bphtb-dan-pbg-dihapus-bebas-ppn-hingga-juni"
      ],
      "primaryTickers": [],
      "mentionedTickers": []
    },
    {
      "title": "Five Investors Sign Land Utilization Agreements in OIKN",
      "content": "Head of OIKN, Basuki Hadimuljono, stated on Wednesday (19/3) that five investors have signed agreements for land utilization under OIKN control and Notarial Deeds. These five investors include PT Citadel Group Indonesia, PT Berkat Kalimantan Abadi, PT Perintis Pondasi Teknotama, PT Perintis Power Investment, and PT Sentra Unggul Nusantara. The total investment value reached 2.42 trillion rupiah.",
      "urls": [
        "https://epaper.investor.id/files/2025/03/20/551ccc1d8864eb99c1221c19f5665839.html"
      ],
      "primaryTickers": [],
      "mentionedTickers": []
    },
    {
      "title": "Indonesian Parliament Passes Contentious TNI Law Amendments",
      "content": "The Indonesian House of Representatives (DPR RI) approved the revision of the TNI law which allows more civilian positions to be filled by military officers. This revision received criticism from civil society groups who stated that it could bring Indonesia back to the New Order era. The law requires officers to first resign from the military before occupying a civilian position. Furthermore, officers cannot join state-owned enterprises (BUMNs) to avoid concerns about military officer involvement in business.",
      "urls": [
        "https://www.reuters.com/world/asia-pacific/indonesia-parliament-passes-contentious-amendments-military-law-2025-03-20/"
      ],
      "primaryTickers": [],
      "mentionedTickers": []
    }
  ],
  "tickerNews": [
    {
      "title": "PT Dua Samudera Perkasa Becomes New Controller of PT Dana Brata Luhur (TEBE) Via Major Share Purchase",
      "content": "PT Dua Samudera Perkasa, a shareholder of Dana Brata Luhur, bought approximately 505 million (39.31%) shares of TEBE at a price of 500 rupiah per share from PT Prima Mineral Utama on March 18, 2025. The total transaction value reached approximately 252 billion rupiah. Following this transaction, PT Dua Samudera Perkasa's ownership in TEBE increased from 31.84% to 71.14%, while PT Prima Mineral Utama's ownership decreased from 39.31% to none. After this transaction, PT Dua Samudera Perkasa becomes the new controller of the company and will therefore conduct a mandatory tender offer.",
      "urls": [
        "https://www.idx.co.id/StaticData/NewsAndAnnouncement/ANNOUNCEMENTSTOCK/From_EREP/202503/7d4fa8f65b_40625bd8bb.pdf",
        "https://www.idx.co.id/StaticData/NewsAndAnnouncement/ANNOUNCEMENTSTOCK/From_EREP/202503/1b47c9d03e_e3867efdc6.pdf"
      ],
      "primaryTickers": [
        "TEBE"
      ],
      "mentionedTickers": []
    },
    {
      "title": "PT Bank OCBC NISP Approves 2024 Dividend Payout of IDR 2.4 Trillion",
      "content": "PT Bank OCBC NISP shareholders approved the distribution of the 2024 fiscal year dividend of approximately 2.4 trillion rupiah today, Thursday (20/3), equivalent to a 49.98% dividend payout ratio (vs. 2023: 40.4%). This amount indicates a dividend of 106 rupiah per share with a dividend yield of 7.97%, based on NISP's closing share price on Thursday (20/3) at 1,330 rupiah per share. The cum date and final dividend payment date have not yet been announced.",
      "urls": [
        "https://keuangan.kontan.co.id/news/ocbc-nisp-tebar-dividen-rp243-triliun"
      ],
      "primaryTickers": [
        "NISP"
      ],
      "mentionedTickers": []
    },
    {
      "title": "ACES Reports -6.6% YoY Same Store Sales Growth in February 2025",
      "content": "Aspirasi Hidup Indonesia recorded same store sales growth (SSSG) of -6.6% YoY in February 2025 (vs. January 2025: +3.4% YoY, February 2024: +15.3% YoY). In February 2025, there was a decrease in SSSG across all regions, with the smallest decline recorded in Outside Java (-4% YoY), followed by Jakarta (-7.8% YoY), and Java outside Jakarta (-8.1% YoY). Management attributed this decline to the high base effect in February 2024 due to the 2024 Presidential Election (pilpres). ACES recorded a total of 247 stores as of the end of February 2025, an increase of 1 store from the total stores at the end of January 2025.",
      "urls": [],
      "primaryTickers": [
        "ACES"
      ],
      "mentionedTickers": []
    },
    {
      "title": "BRPT Considers IPO for Subsidiaries and Target for Shell SECP Acquisition in 2025",
      "content": "Barito Pacific management stated in the 4Q24 earnings call on Wednesday (19/3) that the company is opening opportunities to take its property subsidiary, PT Griya Idola, and its step-down subsidiary, PT Chandra Daya Investasi, public. However, management emphasized that the company will make the best possible preparations and will only proceed with the IPO when both companies are truly ready. Additionally, management is targeting the acquisition of Shell Energy and Chemicals Park Singapore (SECP) and the operation of the Java 9 & 10 Coal Power Plant - owned by PT Indo Raya Tenaga - to begin reflecting in the company's 2025 financial statements.",
      "urls": [],
      "primaryTickers": [
        "BRPT"
      ],
      "mentionedTickers": [
        "CDIA"
      ]
    },
    {
      "title": "PWON Allocates IDR 2.71 Trillion Capex in 2025, Focusing on Mall Development",
      "content": "Pakuwon Jati allocated a capex of 2.71 trillion rupiah throughout 2025, unchanged from the 2024 capex allocation. The capex will largely be used to fund ongoing superblock projects, such as the expansion of Kota Kasablanka and Gandaria City superblocks. Around 13% of the capex allocation will be used for mall business development. Director of Business Development, Ivy Wong, stated that PWON will focus on mall business development in Semarang and Batam for the next five years.",
      "urls": [
        "https://insight.kontan.co.id/news/pwon-menambah-pusat-belanja"
      ],
      "primaryTickers": [
        "PWON"
      ],
      "mentionedTickers": []
    },
    {
      "title": "BEST Targets 20 Hectares of Land Sales in 2025 Focused on Data Center Industry",
      "content": "Bekasi Fajar Industrial Estate targets the sale of 20 hectares (ha) of land in 2025 with potential revenue of approximately 600 billion rupiah (vs. 2024 target: 600 billion rupiah, 9M24 realization: 404 billion rupiah). Head of Corporate Finance & Investor Relations, Calvin Neonardi, stated that the company is currently focused on land sales for the data center industry due to high demand since last year. The company also allocated a capex of 200 billion rupiah which will be used for warehouse construction and land acquisition.",
      "urls": [
        "https://industri.kontan.co.id/news/bekasi-fajar-best-targetkan-penjualan-lahan-20-hektare-pada-2025"
      ],
      "primaryTickers": [
        "BEST"
      ],
      "mentionedTickers": []
    },
    {
      "title": "Arsjad Rasjid to Become President Commissioner in EXCL and FREN Merger Entity (XLSmart)",
      "content": "Kontan reports that Arsjad Rasjid will become the President Commissioner in XLSmart Telecom Sejahtera Tbk, the resulting entity from the merger between XL Axiata and Smartfren Telecom ($FREN). Based on the invitation received by Kontan on Thursday (20/3), Arsjad will attend the press conference on the merger progress between EXCL and FREN as the prospective President Commissioner of XLSmart and will also be one of the speakers at the event. For information, Arsjad currently serves as the President Director of Indika Energy ($INDY).",
      "urls": [
        "https://investasi.kontan.co.id/news/arsjad-rasjid-bakal-jadi-komisaris-utama-di-entitas-merger-excl-dan-fren"
      ],
      "primaryTickers": [
        "EXCL"
      ],
      "mentionedTickers": [
        "FREN",
        "INDY"
      ]
    },
    {
      "title": "HATM Plans to Acquire Two Bulk Carriers, Funding Capex via Rights Issue",
      "content": "Habco Trans Maritima President Director, Andrew Kam, stated that the company plans to purchase two bulk carrier ships worth 400 billion rupiah this year, increasing HATM's bulk carrier fleet to seven units. This step was taken to capture opportunities in the sea transportation sector for bulk commodities. According to Andrew, this purchase will provide HATM with an additional carrying capacity of 90,000 to 100,000 tons. For information, HATM has budgeted a total capex of 500 billion rupiah this year, where 100 billion rupiah will be allocated for ship maintenance. The capex funds will be fulfilled through a rights issue to be conducted this year, targeting fund acquisition of 537.6 billion rupiah.",
      "urls": [
        "https://investor.id/market/392620/hatm-anggarkan-capex-rp-500-m-mau-rights-issue/2"
      ],
      "primaryTickers": [
        "HATM"
      ],
      "mentionedTickers": []
    },
    {
      "title": "LABA Plans Rights Issue Up to IDR 900 Billion and Controller Decreases Stake",
      "content": "Green Power Group plans to issue additional shares (rights issue) of no more than 6 billion shares with a total share issuance value of no more than 900 billion rupiah. This implies a maximum dilution effect of 84% with an exercise price of around 150 rupiah per share. In this rights issue, the controlling shareholder will include assets covering nickel mines and office buildings, and will raise cash funds. In a separate transaction, the controller of Green Power Group, PT Nev Stored Energy, transferred 55 million (4.99%) LABA shares and sold 165 million (14.95%) LABA shares respectively at an average price of 160 rupiah per share and 140 rupiah per share on February 28, 2025. The total transaction value reached approximately 8.8 billion rupiah and approximately 23.1 billion rupiah, respectively. The transactions are intended for share guarantees and development of LABA and its subsidiaries. After this transaction, PT Nev Stored Energy's ownership in LABA decreased from 46.13% to 26.19%.",
      "urls": [
        "https://www.idx.co.id/StaticData/NewsAndAnnouncement/ANNOUNCEMENTSTOCK/From_EREP/202503/9c4cc76cfd_c8c2ef346e.pdf",
        "https://www.idx.co.id/StaticData/NewsAndAnnouncement/ANNOUNCEMENTSTOCK/From_EREP/202503/2cf7a5165e_76b4011508.pdf",
        "https://www.idx.co.id/StaticData/NewsAndAnnouncement/ANNOUNCEMENTSTOCK/From_EREP/202503/97054ee565_2144bf16f8.pdf"
      ],
      "primaryTickers": [
        "LABA"
      ],
      "mentionedTickers": []
    }
  ]
}